race_encp,race_date,track,race_no,grade,syumoku,syoriKbn,syusouInfoExistFlg,yudoSensyuName,raceResult1Syaban,raceResult2Syaban,backCnt1Syaban,backCnt2Syaban,lastUpdateTime
gIRMXgAGv6muOiBOKbDFD1EEjRnj3ImoWKkWys5iaUmGCKrodMQoQUHu__AkUbko,20240122,宇都宮,1,F1,Ａ級予選,1,1,菊池　崇訓,4,7,"5,7",,2024/01/22 07:01&nbsp;更新
gIRMXgAGv6muOiBOKbDFD4eukeDAZdse0_fq5peLXgt3hdgbt-0FCoOO9pVIKyXZ,20240122,宇都宮,2,F1,Ａ級予選,1,1,羽石　国臣,3,2,5,7,2024/01/22 07:01&nbsp;更新
gIRMXgAGv6muOiBOKbDFD5yu1s4xJnvCYdAeJlvHUenfQpKNJW6s55vVdElDMD4Q,20240122,宇都宮,3,F1,Ａ級予選,1,1,菊池　崇訓,7,5,6,2,2024/01/22 07:01&nbsp;更新
gIRMXgAGv6muOiBOKbDFD7G2VfasSvFTjD7Jhat5kZSB15R7bxb0ESWZ5C-TWryk,20240122,宇都宮,4,F1,Ａ級予選,1,1,羽石　国臣,1,4,6,1,2024/01/22 07:01&nbsp;更新
gIRMXgAGv6muOiBOKbDFDxnvR80_5EUUL9dnWZqEEZ0Wzj1WePzgKilSipw2CcRv,20240122,宇都宮,5,F1,Ａ級初日特選,1,1,菊池　崇訓,4,2,4,2,2024/01/22 07:01&nbsp;更新
gIRMXgAGv6muOiBOKbDFDzqY-jGdmVM9sfRAoVGrbdPcgVQMT-Y5-Cj98q8217_o,20240122,宇都宮,6,F1,Ｓ級予選,1,1,小坂　敏之,4,1,5,6,2024/01/22 07:01&nbsp;更新
gIRMXgAGv6muOiBOKbDFD4Cea-D7jpWufhU0rteT57Ab8ZNP96QdX7C-1oVkmLom,20240122,宇都宮,7,F1,Ｓ級予選,1,1,黒崎　直行,5,3,4,2,2024/01/22 07:01&nbsp;更新
gIRMXgAGv6muOiBOKbDFD4IvNBMQDFV2uHClgNnVDwvu0Gnyd3TrpmKODLUl2HY1,20240122,宇都宮,8,F1,Ｓ級予選,1,1,中川　貴徳,3,1,1,"5,6",2024/01/22 07:01&nbsp;更新
gIRMXgAGv6muOiBOKbDFDyTNtTBZScjBnOuFeoL9WFLTNU2R-FOVcsn9URiqhkVL,20240122,宇都宮,9,F1,Ｓ級予選,1,1,小坂　敏之,5,4,2,1,2024/01/22 07:01&nbsp;更新
gIRMXgAGv6muOiBOKbDFD4eO2nWBJsC0NUkGiL7P7bLBBfFv-uQafPdp3FYdqs5E,20240122,宇都宮,10,F1,Ｓ級予選,1,1,黒崎　直行,3,7,"5,7",,2024/01/22 07:01&nbsp;更新
gIRMXgAGv6muOiBOKbDFD-SQ3WXtgtWRAofun8S_pRtsDkJCjOMn6sInqeowu-dy,20240122,宇都宮,11,F1,Ｓ級予選,1,1,小坂　敏之,1,5,1,4,2024/01/22 07:01&nbsp;更新
gIRMXgAGv6muOiBOKbDFD3AZyTc0P39oFWKrYLsiji-FIQ4w0e4uNitmiXQukbIo,20240122,宇都宮,12,F1,Ｓ級初日特選,1,1,中川　貴徳,5,1,1,,2024/01/22 07:01&nbsp;更新
4YDG_8c_ujN7jm5c2eSyjaMyUrRHHGg-3nzLBEALaB-3buNpbeviYfr2t78eFm_U,20240122,名古屋,1,F1,Ａ級一般,1,1,笠松　信幸,3,5,4,6,2024/01/22 07:01&nbsp;更新
4YDG_8c_ujN7jm5c2eSyjS2DwGCVRD15lbzE6A8am5yHzNCHLJ1GNdlZqyU9Eq7W,20240122,名古屋,2,F1,Ａ級一般,1,1,山内　卓也,1,3,1,6,2024/01/22 07:01&nbsp;更新
4YDG_8c_ujN7jm5c2eSyjcR4x8O4mcuDBmS6ImlwoPmsHZPjkizkga83qQ8LzE18,20240122,名古屋,3,F1,Ａ級準決勝,1,1,山田　哲也,7,2,3,2,2024/01/22 07:01&nbsp;更新
4YDG_8c_ujN7jm5c2eSyjUHnSzumENHa3slAJ6MHdZMyM3_UUhsfnqlpmTkZQJs8,20240122,名古屋,4,F1,Ａ級準決勝,1,1,吉野　猛,7,1,7,2,2024/01/22 07:01&nbsp;更新
4YDG_8c_ujN7jm5c2eSyjUsiN3pbVpDmbBq1h_q8eqwbOOdvhUc366_m21oKzQ2u,20240122,名古屋,5,F1,Ａ級準決勝,1,1,疋田　敏,4,2,3,1,2024/01/22 07:01&nbsp;更新
4YDG_8c_ujN7jm5c2eSyjVvcIPMRWNSphufzBg_g6b7tpeUyjNqmlnOEop9UbLR-,20240122,名古屋,6,F1,Ｌ級ガールズ予選（第２走）,1,1,山田　哲也,4,3,5,4,2024/01/22 07:01&nbsp;更新
4YDG_8c_ujN7jm5c2eSyjaRkA_u2lw0dCoa61EcYVSeEoGGnrVAAz58oVmP8_bFp,20240122,名古屋,7,F1,Ｌ級ガールズ予選（第２走）,1,1,吉野　猛,4,7,7,3,2024/01/22 07:01&nbsp;更新
4YDG_8c_ujN7jm5c2eSyjfmeaOkR-5LUJfY2tujnsR77KEYoN_8VHT_ngBcaVI8h,20240122,名古屋,8,F1,Ｓ級一般,1,1,笠松　信幸,2,7,5,3,2024/01/22 07:01&nbsp;更新
4YDG_8c_ujN7jm5c2eSyjQeaYldg2qiXC9jOiRMLZ67WDAmjTy8O71Zm4eIavmzU,20240122,名古屋,9,F1,Ｓ級一般,1,1,山内　卓也,1,4,2,7,2024/01/22 07:01&nbsp;更新
4YDG_8c_ujN7jm5c2eSyjVGnLFR0TVhTy1FijcKgfFj4mP_RI7GBXqRsdfTVjTti,20240122,名古屋,10,F1,Ｓ級準決勝,1,1,疋田　敏,7,1,1,"5,7",2024/01/22 07:01&nbsp;更新
4YDG_8c_ujN7jm5c2eSyjRZx_9avSXsUaQsYtT3im_ylBtQeFwZAaJQe3J6Su_4A,20240122,名古屋,11,F1,Ｓ級準決勝,1,1,笠松　信幸,2,3,6,2,2024/01/22 07:01&nbsp;更新
4YDG_8c_ujN7jm5c2eSyjfG4q9awAOF_Vqa-hv1Qq8ZGlu8sLba_ejrAOH5DB5QV,20240122,名古屋,12,F1,Ｓ級準決勝,1,1,山内　卓也,3,7,7,6,2024/01/22 07:01&nbsp;更新
TzXNr1IyQYXd8vmMpJjd_0NIi38Fuv77Bht6RopdD5oIDE53sYlET0GSjhn5SK5S,20240122,小倉,1,F1,Ａ級一般,1,1,永田　隼一,7,1,4,1,2024/01/22 07:01&nbsp;更新
TzXNr1IyQYXd8vmMpJjd_0smZa-60L7BntePss1gHQ-skjFlxixakIstc2rRaHbd,20240122,小倉,2,F1,Ａ級一般,1,1,秋永　昂人,5,7,5,6,2024/01/22 07:01&nbsp;更新
TzXNr1IyQYXd8vmMpJjd_xVpljYrLi1jPAgws4reWHeDsaK_rJcRd2VEUxgL_bAI,20240122,小倉,3,F1,Ａ級準決勝,1,1,永田　隼一,4,1,3,7,2024/01/22 07:01&nbsp;更新
TzXNr1IyQYXd8vmMpJjd_94amXOHg9yirEt20_ZF7dE1peVWV8UKxm7LkEoIMFCZ,20240122,小倉,4,F1,Ａ級準決勝,1,1,秋永　昂人,3,5,4,5,2024/01/22 07:01&nbsp;更新
TzXNr1IyQYXd8vmMpJjd_5J6Mti0OAlCsLbcHQyFS830JTEU3es6E5TC2bAV2CWQ,20240122,小倉,5,F1,Ａ級準決勝,1,1,長野　和弘,7,1,4,7,2024/01/22 07:01&nbsp;更新
TzXNr1IyQYXd8vmMpJjd_x9kszTpt5UpKLMi4UnFEDh-wZCVJ8VMPtO2aNPKSrB-,20240122,小倉,6,F1,Ｓ級一般,1,1,城戸崎隆史,1,7,7,4,2024/01/22 07:01&nbsp;更新
TzXNr1IyQYXd8vmMpJjd_7SvS43UJcn7EpoSqyS44tw5H7xtWaXTkWg1ylhhDjog,20240122,小倉,7,F1,Ｓ級一般,1,1,松尾信太郎,3,7,3,4,2024/01/22 07:01&nbsp;更新
TzXNr1IyQYXd8vmMpJjd_1nCLfjbIgisbBvE0ABspQicu-6TdaaOTXYx7W29W0dP,20240122,小倉,8,F1,Ｓ級選抜,1,1,長野　和弘,5,7,2,5,2024/01/22 07:01&nbsp;更新
TzXNr1IyQYXd8vmMpJjd_7QEC4-RQzsWeWZG4tiN_k5WZDGetYn6Vg5YGZWI4YpI,20240122,小倉,9,F1,Ｓ級選抜,1,1,松尾信太郎,7,1,1,5,2024/01/22 07:01&nbsp;更新
TzXNr1IyQYXd8vmMpJjd_8NlS6sNS8AKVCgSiguPsQ0s9LndsLUzqUcZqmheJzal,20240122,小倉,10,F1,Ｓ級準決勝,1,1,長野　和弘,5,1,3,7,2024/01/22 07:01&nbsp;更新
TzXNr1IyQYXd8vmMpJjd_xL5DSORPdgreVR6uigeiOZ-L_0OhduHfjfIDtOsOt9j,20240122,小倉,11,F1,Ｓ級準決勝,1,1,城戸崎隆史,1,5,3,4,2024/01/22 07:01&nbsp;更新
TzXNr1IyQYXd8vmMpJjd_xAF0EZYYxmhX47bbIk1Vlq4QJPzjZCK-cg3V_r-vrXq,20240122,小倉,12,F1,Ｓ級準決勝,1,1,松尾信太郎,1,2,1,2,2024/01/22 07:01&nbsp;更新
II_18ke30tFAZvFi9_0G4FgKrcytkh6a0KEFFQ4ur8Y02g3QQkOJYjX92qIqtp-N,20240122,大宮,1,F2,Ａ級チャレンジ一般,1,1,古寺　伸洋,4,2,2,1,2024/01/22 07:01&nbsp;更新
II_18ke30tFAZvFi9_0G4GKL23mE0QbbKHMfR75qrRAdEQm5dNnOq1VDGLiyth_d,20240122,大宮,2,F2,Ａ級チャレンジ一般,1,1,相川　巧,4,1,6,4,2024/01/22 07:01&nbsp;更新
II_18ke30tFAZvFi9_0G4DzmB8YicvxI8PQioCd2DUGenBdgj6qZcXZjcVhcp1vz,20240122,大宮,3,F2,Ａ級チャレンジ準決勝,1,1,山崎　輝夫,4,5,"4,5",,2024/01/22 07:01&nbsp;更新
II_18ke30tFAZvFi9_0G4EHB44wPLxm-CFyePlR0J6JebmemgBONFsULQPAk4eEE,20240122,大宮,4,F2,Ａ級チャレンジ準決勝,1,1,佐山　俊樹,5,1,1,7,2024/01/22 07:01&nbsp;更新
II_18ke30tFAZvFi9_0G4E9AVBJRHSZIytvV9aVPyr_l6ARbFl3oq1VUeX_FVh9i,20240122,大宮,5,F2,Ａ級チャレンジ準決勝,1,1,中田　健太,7,4,4,1,2024/01/22 07:01&nbsp;更新
II_18ke30tFAZvFi9_0G4KifI-zemccXvXak_UMJohdEbN1LIgftCNFpN9YsafzL,20240122,大宮,6,F2,Ｌ級ガールズ予選（第２走）,1,1,古寺　伸洋,3,1,3,2,2024/01/22 07:01&nbsp;更新
II_18ke30tFAZvFi9_0G4Jmi1lhEzEKmxsmfXdxjfXh8tarMN7EbmtJSFyl6BUYI,20240122,大宮,7,F2,Ｌ級ガールズ予選（第２走）,1,1,相川　巧,4,6,4,6,2024/01/22 07:01&nbsp;更新
II_18ke30tFAZvFi9_0G4E1Jrc9vwT7Qvn1tCpLyk3N30vRoTNGKAjlYvEG2jzv5,20240122,大宮,8,F2,Ａ級特一般,1,1,山崎　輝夫,7,3,"2,3",,2024/01/22 07:01&nbsp;更新
II_18ke30tFAZvFi9_0G4CRY9zF-Xq3CXsb8QrPRiFhHES5LINhlMXQAZXy7Z2v1,20240122,大宮,9,F2,Ａ級特一般,1,1,相川　巧,3,1,6,7,2024/01/22 07:01&nbsp;更新
II_18ke30tFAZvFi9_0G4Lo_9NtNa_QAq8RRrYHXy90c4yVe1t2gv8p0ficK2HBF,20240122,大宮,10,F2,Ａ級準決勝,1,1,山崎　輝夫,1,2,2,4,2024/01/22 07:01&nbsp;更新
II_18ke30tFAZvFi9_0G4AFggmYIhHHGfKf4mLBPUsb2mYUDn7Wu30iD20vTuTzw,20240122,大宮,11,F2,Ａ級準決勝,1,1,佐山　俊樹,7,2,2,1,2024/01/22 07:01&nbsp;更新
II_18ke30tFAZvFi9_0G4J5hSFeIXAx4CRKu1NGmWfw-xkJcUysTPcadTd5plI80,20240122,大宮,12,F2,Ａ級準決勝,1,1,中田　健太,1,4,1,5,2024/01/22 07:01&nbsp;更新
r7c8N-lTlOenJOhe9NDy6KJzYfEXsaTnqFNFpPUOquBOE7_JlO-kyK66JGNzWoVN,20240122,松阪,1,F2,Ｌ級ガールズ予選（第１走）,1,1,伊藤　世哉,1,2,2,1,2024/01/22 07:01&nbsp;更新
r7c8N-lTlOenJOhe9NDy6Fvh2gXCAnFyKMysDl89jLDFUOt7xnR4qGzj-kaRAM2d,20240122,松阪,2,F2,Ｌ級ガールズ予選（第１走）,1,1,永原　徹,1,2,3,"1,6",2024/01/22 07:01&nbsp;更新
r7c8N-lTlOenJOhe9NDy6A04uo0ddV2IGuJ7RTIpl_n2j9iu5Yw83wm-vcERrO8h,20240122,松阪,3,F2,Ａ級予選,1,1,西田　潤,1,2,4,1,2024/01/22 07:01&nbsp;更新
r7c8N-lTlOenJOhe9NDy6PZ7EckTAOVsjRjh0hnC5DrSamsdf8MCkjcL3rLBtvKm,20240122,松阪,4,F2,Ａ級予選,1,1,坂元　洋行,1,2,1,6,2024/01/22 07:01&nbsp;更新
r7c8N-lTlOenJOhe9NDy6J04v-IJZFaKvoQr9JKCwSivO-pzL_ZT5CLrpX1biMGj,20240122,松阪,5,F2,Ａ級予選,1,1,伊藤　世哉,1,2,3,1,2024/01/22 07:01&nbsp;更新
r7c8N-lTlOenJOhe9NDy6HJj6ESm8UVwRp08l8iOzo5V-Azbqn1dPkM0RFST4OJ_,20240122,松阪,6,F2,Ａ級予選,1,1,永原　徹,1,2,3,"1,7",2024/01/22 07:01&nbsp;更新
r7c8N-lTlOenJOhe9NDy6A_jINr2giRLbEqNMTsMBHOpQOyara42Qbc3p5OqYbPB,20240122,松阪,7,F2,Ａ級予選,1,1,西田　潤,1,2,2,4,2024/01/22 07:01&nbsp;更新
r7c8N-lTlOenJOhe9NDy6OnyE_I6N1le5re4h00t8A_9QQL7GoGLU7WTr5126zul,20240122,松阪,8,F2,Ａ級予選,1,1,坂元　洋行,1,2,2,6,2024/01/22 07:01&nbsp;更新
r7c8N-lTlOenJOhe9NDy6LpLBh4t127qy09U4NYWWPOFyflHcbYoViRjh5Ytremu,20240122,松阪,9,F2,Ａ級初日特選,1,1,伊藤　世哉,1,2,1,2,2024/01/22 07:01&nbsp;更新
XzGw51U-QJL0SQ0YQD3SNhLBmObZ33lTpxI4SHRYYii-Kb7MOgysLC_Mreh5P_DS,20240122,小松島,1,F2,Ａ級チャレンジ一般,1,1,小磯　知也,2,1,2,1,2024/01/22 07:01&nbsp;更新
XzGw51U-QJL0SQ0YQD3SNv0Od3LsAzzwmzyq94AFgy5nMH8utzRikE9kr1d4oXA3,20240122,小松島,2,F2,Ａ級チャレンジ一般,1,1,滝山　実,7,1,2,"1,6",2024/01/22 07:01&nbsp;更新
XzGw51U-QJL0SQ0YQD3SNkSgiC8brqKTp42shm6_Ktmavy7vuQeJh9o9rI5N0vQd,20240122,小松島,3,F2,Ａ級チャレンジ準決勝,1,1,二條　祐也,4,7,5,"3,4",2024/01/22 07:01&nbsp;更新
XzGw51U-QJL0SQ0YQD3SNs3A4VTkjpFH3rCjCjURZnCK6R4O2LPN3CY7cc5MwlJy,20240122,小松島,4,F2,Ａ級チャレンジ準決勝,1,1,三ツ石康洋,2,1,7,1,2024/01/22 07:01&nbsp;更新
XzGw51U-QJL0SQ0YQD3SNiRjlPdqV0f4DClPhslzPconNJi8x0rjZs6yKToagywK,20240122,小松島,5,F2,Ａ級チャレンジ準決勝,1,1,阿竹　智史,1,2,3,2,2024/01/22 07:01&nbsp;更新
XzGw51U-QJL0SQ0YQD3SNuRNp1z0B6uaUuMjIho5uJHnCHD8kEhlsOIvHMibWPKP,20240122,小松島,6,F2,Ａ級一般,1,1,小磯　知也,7,5,3,5,2024/01/22 07:32&nbsp;更新
XzGw51U-QJL0SQ0YQD3SNp9HqKZb8A4dipOj4aAKOirZ7BlZueW9Ko2eeSvZRzPx,20240122,小松島,7,F2,Ａ級一般,1,1,滝山　実,7,2,6,5,2024/01/22 07:31&nbsp;更新
XzGw51U-QJL0SQ0YQD3SNucL6BLhtG6doD2_B6mIb53Sl0TfHDJ1xQ6u32OzUvCo,20240122,小松島,8,F2,Ａ級選抜,1,1,三ツ石康洋,2,5,6,4,2024/01/22 07:01&nbsp;更新
XzGw51U-QJL0SQ0YQD3SNnZ_o9_qUqhNtgUyWYsD4xOGiHDoPJ0asBS97wUZxSoc,20240122,小松島,9,F2,Ａ級選抜,1,1,小磯　知也,2,4,5,2,2024/01/22 07:01&nbsp;更新
XzGw51U-QJL0SQ0YQD3SNqn42On61Pix7EC4BLuh-Pb7jsvP1Z6T_tGeWut2odt0,20240122,小松島,10,F2,Ａ級準決勝,1,1,二條　祐也,4,3,1,6,2024/01/22 07:01&nbsp;更新
XzGw51U-QJL0SQ0YQD3SNicihqN8hL6A_7fi2ixSLiilNlj3ny37Iz-8oDjFSOXr,20240122,小松島,11,F2,Ａ級準決勝,1,1,三ツ石康洋,5,2,6,7,2024/01/22 07:01&nbsp;更新
XzGw51U-QJL0SQ0YQD3SNgnmiKrL9VHBTKdNNAURageUFfmWB6S0LR6vJpYjLf7k,20240122,小松島,12,F2,Ａ級準決勝,1,1,阿竹　智史,3,7,5,2,2024/01/22 07:01&nbsp;更新
L-h0DRY0KFM8zxiuG3qDbHSwbe1lpBb_EsL7rckhJKxUx_MptDtoDiOud0Qcz_fB,20240122,松山,1,F2,Ａ級チャレンジ予選,1,1,黒田　大介,1,2,3,6,2024/01/22 07:01&nbsp;更新
L-h0DRY0KFM8zxiuG3qDbL1s1bMmFZxGbuuAS6U9K_DOjKDUTeESUoyJiblz6iqb,20240122,松山,2,F2,Ａ級チャレンジ予選,1,1,吉岡伸太郎,1,2,2,"1,3,5",2024/01/22 07:01&nbsp;更新
L-h0DRY0KFM8zxiuG3qDbMX9fp_i5V80_Nk48ABd854VBJ0uSPhUy0n0kvNQP5yj,20240122,松山,3,F2,Ａ級チャレンジ予選,1,1,横内　裕人,1,2,1,6,2024/01/22 07:01&nbsp;更新
L-h0DRY0KFM8zxiuG3qDbPyzCdFP7yrenYlbB4nrfBjwSwtf3r40ySMBHBtSKPM1,20240122,松山,4,F2,Ａ級チャレンジ予選,1,1,大西　祐,1,2,1,5,2024/01/22 07:01&nbsp;更新
L-h0DRY0KFM8zxiuG3qDbIqILJU9_Ldki9YcKCA9I9XYQXIMiC7VLIO37J1zo5nw,20240122,松山,5,F2,Ａ級特予選,1,1,黒田　大介,1,2,2,3,2024/01/22 07:01&nbsp;更新
L-h0DRY0KFM8zxiuG3qDbAvCwFdyUzy1X_BmeVMRc70EWEhW1RFsV4k4IJmD0JDz,20240122,松山,6,F2,Ａ級特予選,1,1,吉岡伸太郎,1,2,4,7,2024/01/22 07:01&nbsp;更新
L-h0DRY0KFM8zxiuG3qDbEQ5UeaqeXid813g1omEXNoz55_SoYi1dkLn0fJj-BHI,20240122,松山,7,F2,Ａ級特予選,1,1,横内　裕人,1,2,2,6,2024/01/22 07:01&nbsp;更新
L-h0DRY0KFM8zxiuG3qDbJvEgNW3h4IF-8gcqbgCmqMaP3KsUW-lla9qfqVVTZkB,20240122,松山,8,F2,Ａ級特予選,1,1,黒田　大介,1,2,2,6,2024/01/22 07:01&nbsp;更新
L-h0DRY0KFM8zxiuG3qDbBdsFsLUBeRsi68HJDPvRO6NxzzrIn8SO3ByL0YDnWZa,20240122,松山,9,F2,Ａ級初日特選,1,1,大西　祐,1,2,2,5,2024/01/22 07:01&nbsp;更新
gIRMXgAGv6muOiBOKbDFD7ZmztbqbGI_kedYfLlQUyCNIB7m4jE1OtmBm5r7uv6j,20240123,宇都宮,1,F1,Ａ級一般,1,1,羽石　国臣,2,1,6,1,2024/01/23 07:03&nbsp;更新
gIRMXgAGv6muOiBOKbDFD-eZS4xCzR8byDjXx18J-UZEPPBH-w_z6ocPslXBbmnX,20240123,宇都宮,2,F1,Ａ級一般,1,1,菊池　崇訓,7,3,2,1,2024/01/23 07:03&nbsp;更新
gIRMXgAGv6muOiBOKbDFD_5pZwZf-AFtukOt0J3nhos7RyEPjeMJhx-XP2hHcTYx,20240123,宇都宮,3,F1,Ａ級準決勝,1,1,羽石　国臣,5,1,6,5,2024/01/23 07:03&nbsp;更新
gIRMXgAGv6muOiBOKbDFD8-Yth0GBuS7Ov42yH7p6WHuAWKvgQdbjIP57L80VS4S,20240123,宇都宮,4,F1,Ａ級準決勝,1,1,菊池　崇訓,1,4,1,2,2024/01/23 07:03&nbsp;更新
gIRMXgAGv6muOiBOKbDFDxyWPIWYCCKDAdHzamYp8KlJBqHTEwwXlHWltVyIwQDH,20240123,宇都宮,5,F1,Ａ級準決勝,1,1,羽石　国臣,1,3,"4,7",,2024/01/23 07:03&nbsp;更新
gIRMXgAGv6muOiBOKbDFD4lOHEgRLvTW84lpujuEw4LZ7BAX5_nnsx98U9f_IcMF,20240123,宇都宮,6,F1,Ｓ級一般,1,1,黒崎　直行,2,7,2,1,2024/01/23 07:03&nbsp;更新
gIRMXgAGv6muOiBOKbDFD9HChLwQqEk21WMrve46MGWQvQ2jea55cVujr3TOLx7t,20240123,宇都宮,7,F1,Ｓ級一般,1,1,小坂　敏之,5,4,7,5,2024/01/23 07:03&nbsp;更新
gIRMXgAGv6muOiBOKbDFD_Ydxm3cBGgo_LyHow-3Kao8dlS_zkWzpfYi7hJPAJkQ,20240123,宇都宮,8,F1,Ｓ級選抜,1,1,中川　貴徳,7,2,1,4,2024/01/23 07:03&nbsp;更新
gIRMXgAGv6muOiBOKbDFD2dwbcgPm8-DExpErMmYfOoKMyh6QpI2ow3Ey4oc74FF,20240123,宇都宮,9,F1,Ｓ級選抜,1,1,黒崎　直行,1,3,3,6,2024/01/23 07:03&nbsp;更新
gIRMXgAGv6muOiBOKbDFD9v-t2U9Y2qDGHxCRdWRG3URMw-JAVKcJMlxWtgcNYBj,20240123,宇都宮,10,F1,Ｓ級準決勝,1,1,小坂　敏之,3,2,5,7,2024/01/23 07:03&nbsp;更新
gIRMXgAGv6muOiBOKbDFD1RD5LBhDrdG5VGfS1j4-9SpXeMy2c3_5mVmYXoB5Esh,20240123,宇都宮,11,F1,Ｓ級準決勝,1,1,黒崎　直行,3,5,6,2,2024/01/23 07:03&nbsp;更新
gIRMXgAGv6muOiBOKbDFD_lsBoEPWc1JDcRFA8QuegdumnU-dbI4IiaPJxmg0wVS,20240123,宇都宮,12,F1,Ｓ級準決勝,1,1,中川　貴徳,7,1,3,4,2024/01/23 07:03&nbsp;更新
wWGgXEq2uuee3jKNfyXvkI4fcuA3q9iKENfirijSLmhJrBiBFqCCEYvpjqdR9bwQ,20240123,松戸,1,F1,Ａ級予選,1,1,吉竹　雄城,1,7,"1,4",,2024/01/23 07:03&nbsp;更新
wWGgXEq2uuee3jKNfyXvkJ4cSwXPMxncqNasnez37Qd_EBIra36ZbJ4C_Rvoyok5,20240123,松戸,2,F1,Ａ級予選,1,1,水書　義弘,4,5,2,1,2024/01/23 07:03&nbsp;更新
wWGgXEq2uuee3jKNfyXvkGdEgOtG_kRJkXizFsv_xi2psbGIwhlnX1KSE0GyOie0,20240123,松戸,3,F1,Ａ級予選,1,1,金野　俊秋,5,7,3,1,2024/01/23 07:03&nbsp;更新
wWGgXEq2uuee3jKNfyXvkEdPwRsY-x2BU5_WE6aJT-BY1KapDjoz0X7jxtPgi88B,20240123,松戸,4,F1,Ａ級予選,1,1,染谷　幸喜,3,7,6,"3,5",2024/01/23 07:03&nbsp;更新
wWGgXEq2uuee3jKNfyXvkNcSX4v7oLyH9zWQZDZ7vSxxt4FHc9JFxqd8xiQNtCUl,20240123,松戸,5,F1,Ａ級初日特選,1,1,吉竹　雄城,2,3,"4,6",,2024/01/23 07:03&nbsp;更新
wWGgXEq2uuee3jKNfyXvkDjOixh_Mgdumbxifdlg3CHNnVyysa8IzlywoiUeH-qy,20240123,松戸,6,F1,Ｓ級予選,1,1,小林　稜武,4,2,5,1,2024/01/23 07:03&nbsp;更新
wWGgXEq2uuee3jKNfyXvkCEIIjHe9iCd12kOQJ3BlPvlRoiaVovlPQlqgtZ9yGP3,20240123,松戸,7,F1,Ｓ級予選,1,1,水書　義弘,3,7,1,6,2024/01/23 07:03&nbsp;更新
wWGgXEq2uuee3jKNfyXvkJZ57DFPtP94Icvjx6jZANtkUlgffFC7K8Km-PFsXRY5,20240123,松戸,8,F1,Ｓ級予選,1,1,金野　俊秋,2,1,7,2,2024/01/23 07:03&nbsp;更新
wWGgXEq2uuee3jKNfyXvkPUvZ1YgoEHAVMISsIg2KO9keOs6fedChu1MKFs46qme,20240123,松戸,9,F1,Ｓ級予選,1,1,小林　稜武,2,5,4,7,2024/01/23 07:03&nbsp;更新
wWGgXEq2uuee3jKNfyXvkB1aKCpwWA8FNWbf4g6YlA96ewwxSsR0bl6G0lUxokWt,20240123,松戸,10,F1,Ｓ級予選,1,1,水書　義弘,1,3,3,"6,7",2024/01/23 07:03&nbsp;更新
wWGgXEq2uuee3jKNfyXvkEAggvYBWzMrSLyca5qCMkKRYzc_CzmiJjTSZ0Wfw18r,20240123,松戸,11,F1,Ｓ級予選,1,1,染谷　幸喜,1,7,3,6,2024/01/23 07:03&nbsp;更新
wWGgXEq2uuee3jKNfyXvkBDgFrKEwEi70e7FWogxP0uheAPEJvYiycNYkuGt-E82,20240123,松戸,12,F1,Ｓ級初日特選,1,1,小林　稜武,2,1,4,3,2024/01/23 07:03&nbsp;更新
4YDG_8c_ujN7jm5c2eSyjV8GnCRg4R1RrUz_0AQ2t7Fqt5IoM9G699wwijxnriKa,20240123,名古屋,1,F1,Ａ級一般,1,1,笠松　信幸,1,6,5,6,2024/01/23 07:03&nbsp;更新
4YDG_8c_ujN7jm5c2eSyjf0VCNo10B5Iufl2WZgPS4Mq_GP6GcOIrvJPASa7Kg6y,20240123,名古屋,2,F1,Ａ級一般,1,1,山内　卓也,1,2,2,4,2024/01/23 07:03&nbsp;更新
4YDG_8c_ujN7jm5c2eSyjdeGtUt3yHRC0ay30i2IR1FNTVY6pyidpvAGROpJRqOI,20240123,名古屋,3,F1,Ａ級特選,1,1,山田　哲也,1,4,2,6,2024/01/23 07:03&nbsp;更新
4YDG_8c_ujN7jm5c2eSyjTgp5ZPCJvgbV2IwTs60N6XU3ovg-cNM1Ivrt8u4LgbV,20240123,名古屋,4,F1,Ａ級特選,1,1,疋田　敏,4,7,5,6,2024/01/23 07:03&nbsp;更新
4YDG_8c_ujN7jm5c2eSyjZjhQaY-hTouCCPXTDQ2qcGrc8xzFBkbkZm6AlTU7LCJ,20240123,名古屋,5,F1,Ｌ級ガールズ一般,1,1,山田　哲也,6,5,6,3,2024/01/23 07:03&nbsp;更新
4YDG_8c_ujN7jm5c2eSyjXS4XVmhpBRbq894FFo7CfisDG0kOWNbonM3c-u_s63S,20240123,名古屋,6,F1,Ｓ級一般,1,1,吉野　猛,7,1,5,3,2024/01/23 07:03&nbsp;更新
4YDG_8c_ujN7jm5c2eSyjX7Xpq-MeynETJLBlh58p_sqmBLv1BQ5y566oDcMR8Jt,20240123,名古屋,7,F1,Ｓ級一般,1,1,山内　卓也,3,5,7,5,2024/01/23 07:03&nbsp;更新
4YDG_8c_ujN7jm5c2eSyjVnO3WJ0xDfrVaL-GTp_DGVnxZzGLMaI-m2ZormSYRG2,20240123,名古屋,8,F1,Ｓ級特選,1,1,笠松　信幸,1,5,2,6,2024/01/23 07:03&nbsp;更新
4YDG_8c_ujN7jm5c2eSyjYwcAc7N904rQHakrWjy33WJ35iSYH6jEXM4mXcXbkxd,20240123,名古屋,9,F1,Ｓ級特選,1,1,疋田　敏,2,7,"1,4",,2024/01/23 07:03&nbsp;更新
4YDG_8c_ujN7jm5c2eSyjROk41-6rC4dku8uc-KvckgpkyfI-wNczfwbdPpnPO5v,20240123,名古屋,10,F1,Ｌ級ガールズ決勝,1,1,吉野　猛,3,5,4,5,2024/01/23 07:03&nbsp;更新
4YDG_8c_ujN7jm5c2eSyjcGoGSVRvfBmYz8gS44o5y9laU8OJJvp8y6lKllTDycd,20240123,名古屋,11,F1,Ａ級決勝,1,1,笠松　信幸,2,3,7,3,2024/01/23 07:03&nbsp;更新
4YDG_8c_ujN7jm5c2eSyjfrInFw8MtxsWA-Pz2BRh74IPduW32fe7KJeNGNaJ-jR,20240123,名古屋,12,F1,Ｓ級決勝,1,1,山内　卓也,2,3,"4,7",,2024/01/23 07:03&nbsp;更新
TzXNr1IyQYXd8vmMpJjd_znxVwxwpv5DRTGnqrvQo--biAQ9eO5xhyRwWAZx0AXS,20240123,小倉,1,F1,Ａ級一般,1,1,永田　隼一,2,7,3,7,2024/01/23 07:03&nbsp;更新
TzXNr1IyQYXd8vmMpJjd_3GFLDsX0JM2-WB_2K6csr4-VKI0Dv1yW3N-1OQgMfA8,20240123,小倉,2,F1,Ａ級一般,1,1,秋永　昂人,3,7,3,6,2024/01/23 07:03&nbsp;更新
TzXNr1IyQYXd8vmMpJjd_18WhOVewhxvXYboNl6Y-mnUdwMzYRtqwqD52vCe4URS,20240123,小倉,3,F1,Ａ級特選,1,1,永田　隼一,5,1,7,4,2024/01/23 07:03&nbsp;更新
TzXNr1IyQYXd8vmMpJjd_8uHvgt-bpOHIXzHeZx_VVxpuDTR3c8B0APrtV9W4DMy,20240123,小倉,4,F1,Ａ級特選,1,1,秋永　昂人,5,1,2,1,2024/01/23 07:03&nbsp;更新
TzXNr1IyQYXd8vmMpJjd_7uznUicbsPcx2tzg7LJlsCKjif7GU5l4w5jeaZqxCTN,20240123,小倉,5,F1,Ｓ級一般,1,1,長野　和弘,3,7,4,5,2024/01/23 07:03&nbsp;更新
TzXNr1IyQYXd8vmMpJjd_7MssGGJ-zMgyxw0TOMfFdtn9vkz4CQl94f93guIYV4K,20240123,小倉,6,F1,Ｓ級一般,1,1,城戸崎隆史,7,2,7,4,2024/01/23 14:30&nbsp;更新
TzXNr1IyQYXd8vmMpJjd__qI8N7PiRoh380Qr3LAyteA4VDtm_HJ9H4oEUpeEPIr,20240123,小倉,7,F1,Ｓ級一般,1,1,松尾信太郎,7,3,7,6,2024/01/23 07:03&nbsp;更新
TzXNr1IyQYXd8vmMpJjd_49_6vr2olb_MQHxx5q5XWIXb65xo_egtm8x7yWyx9TC,20240123,小倉,8,F1,Ｓ級特選,1,1,長野　和弘,7,5,7,1,2024/01/23 07:03&nbsp;更新
TzXNr1IyQYXd8vmMpJjd_1MqCelog5lE7gA8ACK0WcYoskdJFk0XmS30j_S58o6N,20240123,小倉,9,F1,Ｓ級特選,1,1,城戸崎隆史,5,7,3,5,2024/01/23 07:03&nbsp;更新
TzXNr1IyQYXd8vmMpJjd_5FJDk2JhK8o9tVX1GneNWxJQ4N6dK3QNOPq_tWdr1-u,20240123,小倉,10,F1,Ｓ級特選,1,1,松尾信太郎,1,2,4,2,2024/01/23 07:03&nbsp;更新
TzXNr1IyQYXd8vmMpJjd_2GRmYUjljFJMa6aUnf0reCbixuIwsVHVa6oPS3tZG36,20240123,小倉,11,F1,Ａ級決勝,1,1,城戸崎隆史,2,3,4,5,2024/01/23 07:03&nbsp;更新
TzXNr1IyQYXd8vmMpJjd_4WAygm2pG1LlVT54TCngk1DJ9rBCHM2ssGLBRLoEV22,20240123,小倉,12,F1,Ｓ級決勝,1,1,松尾信太郎,2,3,4,"5,6",2024/01/23 07:03&nbsp;更新
II_18ke30tFAZvFi9_0G4IM8kS6psxC-hAvicOAKTEPcbjdimvu3F3zFIp-rDHhx,20240123,大宮,1,F2,Ａ級チャレンジ一般,1,1,古寺　伸洋,3,2,6,,2024/01/23 07:03&nbsp;更新
II_18ke30tFAZvFi9_0G4OU-_x9mPVhc2IQ-iaiM3o-1Mwm4WRPrzkHg6sPJ3smM,20240123,大宮,2,F2,Ａ級チャレンジ一般,1,1,相川　巧,5,3,3,6,2024/01/23 07:03&nbsp;更新
II_18ke30tFAZvFi9_0G4MZjDxL_E17m7S48cHhvos1-OS34k2-uv30I8ROUOFln,20240123,大宮,3,F2,Ａ級チャレンジ選抜,1,1,山崎　輝夫,3,4,5,3,2024/01/23 07:03&nbsp;更新
II_18ke30tFAZvFi9_0G4CiGciK4y_ybUgp_zslKGpO9VdIL3TSpJemi8jtt60CO,20240123,大宮,4,F2,Ａ級チャレンジ選抜,1,1,佐山　俊樹,7,3,7,"2,6",2024/01/23 07:03&nbsp;更新
II_18ke30tFAZvFi9_0G4GUFvDBX6_N3_Tp_Try-jIRSxhiCDovyQxUQm9c3lxVx,20240123,大宮,5,F2,Ｌ級ガールズ一般,1,1,古寺　伸洋,5,6,"4,6",,2024/01/23 07:03&nbsp;更新
II_18ke30tFAZvFi9_0G4HF7HbxOcm1443VO7tfYAL1THKAvAWc0GOZ5dKVVeRpM,20240123,大宮,6,F2,Ａ級特一般,1,1,相川　巧,1,2,6,1,2024/01/23 07:03&nbsp;更新
II_18ke30tFAZvFi9_0G4PIc8_3a38PNQVBXFwHh4L9Sxe_gcz4FN0xOknkko0Hy,20240123,大宮,7,F2,Ａ級特一般,1,1,中田　健太,4,1,"5,7",,2024/01/23 07:03&nbsp;更新
II_18ke30tFAZvFi9_0G4A4OE-5HR7iRsAHX3JfjksL1laUXSX2Xj83rp5D0Yilc,20240123,大宮,8,F2,Ａ級特選,1,1,古寺　伸洋,2,5,7,3,2024/01/23 07:03&nbsp;更新
II_18ke30tFAZvFi9_0G4GaDV0N98XXfVXC4GpV40ShKCdxqj_Hch4eJXGfgWziZ,20240123,大宮,9,F2,Ａ級特選,1,1,佐山　俊樹,1,3,5,3,2024/01/23 07:03&nbsp;更新
II_18ke30tFAZvFi9_0G4O1xpR7bYd7hx0gwYuFiWotJB3Yz0ueh2o9VUa-rM-0c,20240123,大宮,10,F2,Ａ級チャレンジ決勝,1,1,山崎　輝夫,2,4,1,"3,5,7",2024/01/23 07:03&nbsp;更新
II_18ke30tFAZvFi9_0G4DBHHoAsUDSfcSIHof-uxMsm2WWdK7wauPILI0i8XtrS,20240123,大宮,11,F2,Ｌ級ガールズ決勝,1,1,相川　巧,7,1,7,5,2024/01/23 07:03&nbsp;更新
II_18ke30tFAZvFi9_0G4AnSvUVgki6sS31bI4VRH9GTQrpPCJ52r8ZY-fEwvRok,20240123,大宮,12,F2,Ａ級決勝,1,1,中田　健太,2,5,1,7,2024/01/23 07:03&nbsp;更新
r7c8N-lTlOenJOhe9NDy6LvA5ORCF7tgHTUmCMFej44GpCOLc4Aav-epxePuU_nS,20240123,松阪,1,F2,Ｌ級ガールズ予選（第２走）,1,1,伊藤　世哉,1,2,1,3,2024/01/23 11:21&nbsp;更新
r7c8N-lTlOenJOhe9NDy6HrFgCJINawe3GGBBj50D9VGitArLf0g3ejjZQDxjPjy,20240123,松阪,2,F2,Ｌ級ガールズ予選（第２走）,1,1,永原　徹,1,2,2,"1,3",2024/01/23 11:21&nbsp;更新
r7c8N-lTlOenJOhe9NDy6O5oXfg-SM8nJoSBFF8CbvfD69KhJ4oYMjGiicYu6-qL,20240123,松阪,3,F2,Ａ級一般,1,1,西田　潤,1,2,2,7,2024/01/23 11:26&nbsp;更新
r7c8N-lTlOenJOhe9NDy6AsjC4XbSD25dJ6NJJ3pftLMzAJhgARK7eQzOxE9dyWc,20240123,松阪,4,F2,Ａ級一般,1,1,坂元　洋行,1,2,3,6,2024/01/23 11:26&nbsp;更新
r7c8N-lTlOenJOhe9NDy6AxskLspargxtDhe-UNfZ1VKmBxE9coX1xBtNTh-DYUr,20240123,松阪,5,F2,Ａ級選抜,1,1,伊藤　世哉,1,2,1,6,2024/01/23 11:26&nbsp;更新
r7c8N-lTlOenJOhe9NDy6FC8koDkdSb0v8rytDKLJe85-Sn8ChhWnK-zBqBYMNAi,20240123,松阪,6,F2,Ａ級選抜,1,1,永原　徹,1,2,5,2,2024/01/23 11:26&nbsp;更新
r7c8N-lTlOenJOhe9NDy6PYisevi-mP0jOS_AmiDNF1C2V9uc1dsJPyl_gtXDsWj,20240123,松阪,7,F2,Ａ級準決勝,1,1,西田　潤,1,2,5,"1,2,4",2024/01/23 11:21&nbsp;更新
r7c8N-lTlOenJOhe9NDy6AeDD40WD3uZr9OYIskyOrShsE3NOPUCD1rk4yjaHe1i,20240123,松阪,8,F2,Ａ級準決勝,1,1,坂元　洋行,1,2,3,5,2024/01/23 11:21&nbsp;更新
r7c8N-lTlOenJOhe9NDy6Dd-eXBad3SWLtmTf2XvNrprTmKgexXFj_dOyfrgSK7r,20240123,松阪,9,F2,Ａ級準決勝,1,1,伊藤　世哉,1,2,1,4,2024/01/23 11:21&nbsp;更新
XzGw51U-QJL0SQ0YQD3SNjyYrEtW2AARD1NbU2y2v4Q7zYPXR4toI7LQ2w-uM8mR,20240123,小松島,1,F2,Ａ級チャレンジ一般,1,1,小磯　知也,2,4,5,4,2024/01/23 07:03&nbsp;更新
XzGw51U-QJL0SQ0YQD3SNhiDYH_-1EwVkwXz86NZKOMWrsDoTLUD7SaUB49Q5xsr,20240123,小松島,2,F2,Ａ級チャレンジ一般,1,1,滝山　実,1,3,1,"5,6",2024/01/23 07:03&nbsp;更新
XzGw51U-QJL0SQ0YQD3SNqmaaalOtlarNW8fhX9Epr4_1jiu3JbLbq9-In4UbJzR,20240123,小松島,3,F2,Ａ級チャレンジ選抜,1,1,二條　祐也,2,3,5,3,2024/01/23 08:01&nbsp;更新
XzGw51U-QJL0SQ0YQD3SNi2zX3ZIXpEm4IcXbcfuZGrq9Ufju2VYrMVPbCLbDMq9,20240123,小松島,4,F2,Ａ級チャレンジ選抜,1,1,三ツ石康洋,7,5,4,7,2024/01/23 07:03&nbsp;更新
XzGw51U-QJL0SQ0YQD3SNmhYB9K0EK7Lj8d-qmkftveYNmeRNPfccBZMLIAuBf-r,20240123,小松島,5,F2,Ａ級チャレンジ決勝,1,1,阿竹　智史,7,1,2,3,2024/01/23 07:03&nbsp;更新
XzGw51U-QJL0SQ0YQD3SNmt203swxvlBhAkFULTme28V1w3ReDK6HzEC-pz2lHV4,20240123,小松島,6,F2,Ａ級一般,1,1,小磯　知也,3,7,2,1,2024/01/23 07:03&nbsp;更新
XzGw51U-QJL0SQ0YQD3SNu_fpAs8zqHVO1XJaiewWONbT_T7rli8cK1IyaTXpBHb,20240123,小松島,7,F2,Ａ級一般,1,1,滝山　実,3,1,6,1,2024/01/23 07:03&nbsp;更新
XzGw51U-QJL0SQ0YQD3SNoE8AOzpyHiAqb1E3O7BGqX7iMQYhlxwUcf1WNfKhoRr,20240123,小松島,8,F2,Ａ級一般,1,1,阿竹　智史,2,4,1,2,2024/01/23 07:03&nbsp;更新
XzGw51U-QJL0SQ0YQD3SNkz21qauvboOaDojAc0d5p2gnlFHLFndMTvM9YTQkuj3,20240123,小松島,9,F2,Ａ級特選,1,1,二條　祐也,7,3,4,1,2024/01/23 07:03&nbsp;更新
XzGw51U-QJL0SQ0YQD3SNgFmjEWMzHN1fGNdtzYLHY4bkS1zWS6VbmPfCNqMeQIg,20240123,小松島,10,F2,Ａ級特選,1,1,滝山　実,1,7,7,4,2024/01/23 07:03&nbsp;更新
XzGw51U-QJL0SQ0YQD3SNnQ7-Vt2XyZZYQH5krMiuvcNAEiJMbsUF0nhybSp5zy5,20240123,小松島,11,F2,Ａ級特選,1,1,三ツ石康洋,5,1,6,3,2024/01/23 07:03&nbsp;更新
XzGw51U-QJL0SQ0YQD3SNlZubQUEIFIq6fSqnaQUzyAqwFZQHMF3AqlNURfxoHyD,20240123,小松島,12,F2,Ａ級決勝,1,1,阿竹　智史,1,3,2,"1,7",2024/01/23 07:03&nbsp;更新
L-h0DRY0KFM8zxiuG3qDbMDdSDHRM53JQHDXtBdbDWirhz7AjckLlsZ8KVmHq5BF,20240123,松山,1,F2,Ａ級チャレンジ一般,1,1,黒田　大介,1,2,5,"1,4",2024/01/23 13:23&nbsp;更新
L-h0DRY0KFM8zxiuG3qDbKyP1DhglIU1F60WQBIqgGpcrDqQ9S7QNGD38YisWvpr,20240123,松山,2,F2,Ａ級チャレンジ一般,1,1,吉岡伸太郎,1,2,3,1,2024/01/23 19:16&nbsp;更新
L-h0DRY0KFM8zxiuG3qDbGBzEtHQfFMYwlP_KcmZmLD9pes5VTvyY4ZszOM3nHyf,20240123,松山,3,F2,Ａ級チャレンジ準決勝,1,1,横内　裕人,1,2,1,5,2024/01/23 13:23&nbsp;更新
L-h0DRY0KFM8zxiuG3qDbDD6AIk0h_atOS6LJQ1n1zqc3prPZHdm3LktkwUcZp7x,20240123,松山,4,F2,Ａ級チャレンジ準決勝,1,1,大西　祐,1,2,2,4,2024/01/23 13:23&nbsp;更新
L-h0DRY0KFM8zxiuG3qDbHnyusFJyaxedCm9hszO81X6UqhN9YtwLCHz8PjXmiAz,20240123,松山,5,F2,Ａ級特一般,1,1,吉岡伸太郎,1,2,3,6,2024/01/23 13:23&nbsp;更新
L-h0DRY0KFM8zxiuG3qDbBz7vZDmO4lxLnlrh5gIRWDb-H107ubuNdR5xDfSCJQL,20240123,松山,6,F2,Ａ級特一般,1,1,黒田　大介,1,2,1,3,2024/01/23 13:23&nbsp;更新
L-h0DRY0KFM8zxiuG3qDbL5Dyq1Q3IzsJroJPuyqFD_21U5duyKfNeNOItdi9gOq,20240123,松山,7,F2,Ａ級準決勝,1,1,横内　裕人,1,2,6,1,2024/01/23 13:23&nbsp;更新
L-h0DRY0KFM8zxiuG3qDbMteD60E9uOS2VwWdlOdE9WS63XMWBhPngfJYN1tkBJ1,20240123,松山,8,F2,Ａ級準決勝,1,1,吉岡伸太郎,1,2,4,7,2024/01/23 13:23&nbsp;更新
L-h0DRY0KFM8zxiuG3qDbHlGU6alaKF4-5zZepv_quTVzBBAGeBde2T9rPPDirUb,20240123,松山,9,F2,Ａ級準決勝,1,1,大西　祐,1,2,4,1,2024/01/23 13:23&nbsp;更新
gIRMXgAGv6muOiBOKbDFD_4kZl7Xmme6gMh5iab0BWAQLaJpOJzh0uQDH1A75AtV,20240124,宇都宮,1,F1,Ａ級一般,1,1,菊池　崇訓,1,7,3,7,2024/01/24 07:02&nbsp;更新
gIRMXgAGv6muOiBOKbDFD41M8wU87q39_rdwInC_mc66Ew0jye7B3_ohzELxEcJn,20240124,宇都宮,2,F1,Ａ級一般,1,1,羽石　国臣,1,2,"6,7",,2024/01/24 07:02&nbsp;更新
gIRMXgAGv6muOiBOKbDFD_U0yC3HGMGhrTeXJicYqZg9qMPWBoHOU76DlVdGy2B8,20240124,宇都宮,3,F1,Ａ級特選,1,1,菊池　崇訓,4,3,6,1,2024/01/24 07:02&nbsp;更新
gIRMXgAGv6muOiBOKbDFD_yFj2WM8ruJMdmFfkeuA-9xEDPnPlpmRI8Kuy3TJc1q,20240124,宇都宮,4,F1,Ａ級特選,1,1,羽石　国臣,2,1,"5,6",,2024/01/24 07:02&nbsp;更新
gIRMXgAGv6muOiBOKbDFD1qqiyyXriVmLTl-ReAeeYKazVk3gEHBxvzzOZGRoHm6,20240124,宇都宮,5,F1,Ｓ級一般,1,1,小坂　敏之,7,1,"1,6",,2024/01/24 07:02&nbsp;更新
gIRMXgAGv6muOiBOKbDFD7QxDzjAZpdSmCMdqhvwcCsIAYAZ-kuj7aMyd36NRvEN,20240124,宇都宮,6,F1,Ｓ級一般,1,1,黒崎　直行,1,7,7,4,2024/01/24 07:02&nbsp;更新
gIRMXgAGv6muOiBOKbDFD3lDn-aGc9C05O7zirSmkMi4o68cYiO1bp-8VhDXO9Cb,20240124,宇都宮,7,F1,Ｓ級一般,1,1,小坂　敏之,3,5,4,1,2024/01/24 07:02&nbsp;更新
gIRMXgAGv6muOiBOKbDFDzBnU2QKiKkkgR_g-0PxPZviTCO2BW8oSe15Fi90ebKt,20240124,宇都宮,8,F1,Ｓ級特選,1,1,中川　貴徳,2,7,1,7,2024/01/24 07:02&nbsp;更新
gIRMXgAGv6muOiBOKbDFD8H_sl_R1mxc9BqSKB883IQ3qKKP1LL13fOYNK90g3JB,20240124,宇都宮,9,F1,Ｓ級特選,1,1,小坂　敏之,7,3,1,6,2024/01/24 07:02&nbsp;更新
gIRMXgAGv6muOiBOKbDFD4J9CnurckbgQZqkjcUejyXZ2fjYpb5-XCGCvrOP0Wra,20240124,宇都宮,10,F1,Ｓ級特選,1,1,黒崎　直行,5,2,2,4,2024/01/24 07:02&nbsp;更新
gIRMXgAGv6muOiBOKbDFD7bmoOklxRQUOJy7cM93Zf_BEZoQJj3GuRHX2nWHNAQl,20240124,宇都宮,11,F1,Ａ級決勝,1,1,菊池　崇訓,7,1,7,6,2024/01/24 07:02&nbsp;更新
gIRMXgAGv6muOiBOKbDFD0p6WsKxdRojTbWVeKk6CZ5uD9XZBNDYMHkHIzd7ZtI3,20240124,宇都宮,12,F1,Ｓ級決勝,1,1,中川　貴徳,3,4,1,5,2024/01/24 07:02&nbsp;更新
wWGgXEq2uuee3jKNfyXvkFxVTd7_3abHpK4NVlxk2iV798RyP-FVZKNtVJltuKtE,20240124,松戸,1,F1,Ａ級一般,1,1,吉竹　雄城,2,1,6,5,2024/01/24 07:02&nbsp;更新
wWGgXEq2uuee3jKNfyXvkPGAdS9br4MlR700a5oApDgPaqMhhcw9_e6TU1O7qoe5,20240124,松戸,2,F1,Ａ級一般,1,1,小林　稜武,2,4,1,5,2024/01/24 07:02&nbsp;更新
wWGgXEq2uuee3jKNfyXvkPAtxGncuUQTYKVREwf8Sql_64zv3ifAMRL8t_aLF2Fa,20240124,松戸,3,F1,Ａ級準決勝,1,1,金野　俊秋,5,7,3,5,2024/01/24 07:02&nbsp;更新
wWGgXEq2uuee3jKNfyXvkIcQsm5AWpBwjHMhU1LipjnswxiWBGgoDYuVS7wyoLhd,20240124,松戸,4,F1,Ａ級準決勝,1,1,水書　義弘,2,5,2,1,2024/01/24 07:02&nbsp;更新
wWGgXEq2uuee3jKNfyXvkAkuK-cI8vOasmEjCs9hf181JFiOVhftgDsmWeleRahq,20240124,松戸,5,F1,Ａ級準決勝,1,1,吉竹　雄城,4,7,3,2,2024/01/24 07:02&nbsp;更新
wWGgXEq2uuee3jKNfyXvkCWr_nC3YbyOKgwmzAlHKOt5ltAfYWt2spivSzv9dg2l,20240124,松戸,6,F1,Ｓ級一般,1,1,金野　俊秋,1,2,4,"3,7",2024/01/24 07:02&nbsp;更新
wWGgXEq2uuee3jKNfyXvkH4pQ7QOqPIzO12fx2uX-Sz0X1wvvhS0qiJYLuhlDaHN,20240124,松戸,7,F1,Ｓ級一般,1,1,染谷　幸喜,7,1,1,6,2024/01/24 07:02&nbsp;更新
wWGgXEq2uuee3jKNfyXvkGLWuQjxT8kNPxO3MukXf8KIDS6pbvkeeCz0lk-e8-xb,20240124,松戸,8,F1,Ｓ級選抜,1,1,小林　稜武,2,5,3,,2024/01/24 07:02&nbsp;更新
wWGgXEq2uuee3jKNfyXvkGxzc_j4O0gUu2gb5YXM5P1fNmyfK8S9PolyaioVtHTN,20240124,松戸,9,F1,Ｓ級選抜,1,1,水書　義弘,5,7,5,3,2024/01/24 07:02&nbsp;更新
wWGgXEq2uuee3jKNfyXvkMsslZDw3bhAvsHMB3XqRA4pJG6SMhhqwY4qyEFgnONp,20240124,松戸,10,F1,Ｓ級準決勝,1,1,金野　俊秋,5,2,3,1,2024/01/24 07:02&nbsp;更新
wWGgXEq2uuee3jKNfyXvkEgFiRtWNZ5guAk2p3xygrmf_0G_1FwDsbzZKFYHVudX,20240124,松戸,11,F1,Ｓ級準決勝,1,1,染谷　幸喜,3,2,6,"1,3",2024/01/24 07:02&nbsp;更新
wWGgXEq2uuee3jKNfyXvkHTxou1WwNPAAhxr9w1GuSqSgzDudfLZY3CDxFTImopT,20240124,松戸,12,F1,Ｓ級準決勝,1,1,小林　稜武,7,1,1,6,2024/01/24 07:02&nbsp;更新
pjpbN8xQZYQT1-bYupLW5xixSK0m5pTrSX9WDxptmSzO2-SKb18J31ssH2J20OnQ,20240124,小田原,1,F2,Ａ級予選,1,1,旭　啓介,1,5,5,4,2024/01/24 07:02&nbsp;更新
pjpbN8xQZYQT1-bYupLW5yZB6rAhVUrgArj-4B-lHQGrlIoctYvXDlGPK47AtKKF,20240124,小田原,2,F2,Ａ級予選,1,1,安藤　宜明,7,2,6,1,2024/01/24 07:02&nbsp;更新
pjpbN8xQZYQT1-bYupLW5xL1hjG0rsqsZ9Y8TsPyiMK8m64lBK2O1cTn2NfwBrKQ,20240124,小田原,3,F2,Ａ級予選,1,1,桐山敬太郎,7,3,4,3,2024/01/24 07:02&nbsp;更新
pjpbN8xQZYQT1-bYupLW55kJ1uoMydzTEU5lBzO7ma70aOd5BA-nH5tl0JrRzt_d,20240124,小田原,4,F2,Ａ級予選,1,1,伊豆田浩人,4,1,6,1,2024/01/24 07:02&nbsp;更新
pjpbN8xQZYQT1-bYupLW50eotPg6RlwI8WBWoXWJP4-r5dM8SBX0tH7utjLj-WXh,20240124,小田原,5,F2,Ａ級予選,1,1,旭　啓介,3,5,5,"1,2",2024/01/24 07:02&nbsp;更新
pjpbN8xQZYQT1-bYupLW5-bM5l8JumciGNEmy9vakwLFfG53R2IQXEBUh_EpHsaS,20240124,小田原,6,F2,Ａ級予選,1,1,安藤　宜明,4,5,4,7,2024/01/24 07:02&nbsp;更新
pjpbN8xQZYQT1-bYupLW5w__LyT6ul5KDMfmTGl3T5GG4E0fuMJHfd1n7cxZGx2W,20240124,小田原,7,F2,Ａ級初日特選,1,1,桐山敬太郎,3,1,2,6,2024/01/24 07:02&nbsp;更新
r7c8N-lTlOenJOhe9NDy6EZx_WwYvXKTUgSbBTLDEjVPLU6yXuPlvlvRJZtTmxcm,20240124,松阪,1,F2,Ｌ級ガールズ一般,1,1,伊藤　世哉,1,2,"1,5",,2024/01/24 19:15&nbsp;更新
r7c8N-lTlOenJOhe9NDy6LSiCss0vSmgaU3pR_k3Q9En8pop_xyALvZZx2psPSTY,20240124,松阪,2,F2,Ａ級一般,1,1,永原　徹,1,2,2,4,2024/01/24 11:06&nbsp;更新
r7c8N-lTlOenJOhe9NDy6BUw0kJ8NOE4FAwl5su2bNYUiDNLk2UzHvCxUmb5KkjP,20240124,松阪,3,F2,Ａ級一般,1,1,西田　潤,1,2,6,,2024/01/24 11:06&nbsp;更新
r7c8N-lTlOenJOhe9NDy6HWClXyvVgSgse2ifU4dMGICERJ0vhtkVYqwHztWE0qH,20240124,松阪,4,F2,Ａ級一般,1,1,永原　徹,1,2,4,2,2024/01/24 11:06&nbsp;更新
r7c8N-lTlOenJOhe9NDy6F9zI3xV5BjMX99XrF9v4K541IOCekPmrLGBrrh9mOVC,20240124,松阪,5,F2,Ａ級特選,1,1,坂元　洋行,1,2,3,1,2024/01/24 11:06&nbsp;更新
r7c8N-lTlOenJOhe9NDy6NtPObGNlD6shgW59BG-W91KLb91uMmcpZ5grFFbxJpu,20240124,松阪,6,F2,Ａ級特選,1,1,伊藤　世哉,1,2,4,2,2024/01/24 11:06&nbsp;更新
r7c8N-lTlOenJOhe9NDy6HB69Bks27xiIqOZcRuzXtSfAyfVC0AqA6BYchgQl7ps,20240124,松阪,7,F2,Ａ級特選,1,1,西田　潤,1,2,5,2,2024/01/24 11:06&nbsp;更新
r7c8N-lTlOenJOhe9NDy6OaBSBY09BQsO1oldDlcIkMYxi2FcIryXdEBPUxyIpRJ,20240124,松阪,8,F2,Ｌ級ガールズ決勝,1,1,坂元　洋行,1,2,3,5,2024/01/24 11:06&nbsp;更新
r7c8N-lTlOenJOhe9NDy6NHdAByxPxJDcEKCRbErRX54s7SqOrJKuUVizAAYCSv0,20240124,松阪,9,F2,Ａ級決勝,1,1,伊藤　世哉,1,2,7,1,2024/01/24 11:06&nbsp;更新
L-h0DRY0KFM8zxiuG3qDbNT5CdTACjqw_o7Yzkr0d2GeyeTge73v_hgABObr8zTG,20240124,松山,1,F2,Ａ級チャレンジ一般,1,1,黒田　大介,1,2,4,"3,6",2024/01/24 13:36&nbsp;更新
L-h0DRY0KFM8zxiuG3qDbDiKTn-PhyyR_PZQUvue30HIjiQJRW541Qt3aC08cH1O,20240124,松山,2,F2,Ａ級チャレンジ一般,1,1,横内　裕人,1,2,"1,2,5",,2024/01/24 13:36&nbsp;更新
L-h0DRY0KFM8zxiuG3qDbBRlMB7U-eae-Yag7RRR0RjmCCCXjCxv7_7LLsUPHNs0,20240124,松山,3,F2,Ａ級チャレンジ選抜,1,1,吉岡伸太郎,1,2,7,6,2024/01/24 13:36&nbsp;更新
L-h0DRY0KFM8zxiuG3qDbIGEbF16ir9KkQFzLUod1Ul9_rZFJ0S08HNyEiPTfcWp,20240124,松山,4,F2,Ａ級特一般,1,1,大西　祐,1,"2,3",7,4,2024/01/24 13:36&nbsp;更新
L-h0DRY0KFM8zxiuG3qDbN5UaeMcg843WNSwRwlyzOVwVPJIEKIZ8Dw2L_58QzQt,20240124,松山,5,F2,Ａ級特一般,1,1,横内　裕人,1,2,5,1,2024/01/24 13:36&nbsp;更新
L-h0DRY0KFM8zxiuG3qDbOD3tmo7HU6AcslIIdJ_eQNpSP2EWNYNUYUc5KHTzTUu,20240124,松山,6,F2,Ａ級特選,1,1,黒田　大介,1,2,3,5,2024/01/24 13:36&nbsp;更新
L-h0DRY0KFM8zxiuG3qDbJkgZGOTKUCykzyNEq_gSEqvgDSgTRsb_eprcdE1Da3T,20240124,松山,7,F2,Ａ級特選,1,1,吉岡伸太郎,1,2,4,7,2024/01/24 13:36&nbsp;更新
L-h0DRY0KFM8zxiuG3qDbOVlIPfbjWr4wdOSzMNEItITSohel-HXrfw_mvcVr7fA,20240124,松山,8,F2,Ａ級チャレンジ決勝,1,1,横内　裕人,1,2,3,2,2024/01/24 19:16&nbsp;更新
L-h0DRY0KFM8zxiuG3qDbMjrXIIsAyaJZ_8SMEqasNdK0znxs2Cndf6VRMog-jGU,20240124,松山,9,F2,Ａ級決勝,1,1,大西　祐,1,2,7,2,2024/01/24 13:36&nbsp;更新
4y6dPhGvcrSladdkbHuti9vHCQ1NCw-8Y34TI82lw_xLJiSkntVfZ0w45xRGubbu,20240125,いわき平,1,G3,Ｓ級一次予選,1,1,三澤　康人,7,9,6,1,2024/01/25 07:04&nbsp;更新
4y6dPhGvcrSladdkbHuti-eRQNNrreuK-Gi5jCatBtdK8dcecMqfXl2sYKcq9_8m,20240125,いわき平,2,G3,Ｓ級一次予選,1,1,真船圭一郎,1,3,7,6,2024/01/25 07:04&nbsp;更新
4y6dPhGvcrSladdkbHuti2-BrjAvUyiGk5SMutGU-WULwJtdUTmv2m09VAcRnpxc,20240125,いわき平,3,G3,Ｓ級一次予選,1,1,齋藤登志信,5,2,7,6,2024/01/25 07:04&nbsp;更新
4y6dPhGvcrSladdkbHuti7Lv7cLeEJOIHf3CmBL57m-bmrS6QO1z2oqM5o3E7FrO,20240125,いわき平,4,G3,Ｓ級一次予選,1,1,平沼　由充,2,5,6,"4,7",2024/01/25 07:04&nbsp;更新
4y6dPhGvcrSladdkbHutizAt-o57mwhS8rNaXMXcJJ9L52PtZcOrfUH2xedkgS14,20240125,いわき平,5,G3,Ｓ級一次予選,1,1,三澤　康人,2,9,7,"4,6",2024/01/25 07:04&nbsp;更新
4y6dPhGvcrSladdkbHuti98TBh8mMpc_CLARGU-nPXogYaTrGaeN504V3I3u6LVh,20240125,いわき平,6,G3,Ｓ級一次予選,1,1,齋藤登志信,7,3,5,6,2024/01/25 07:04&nbsp;更新
4y6dPhGvcrSladdkbHuti1b8jKGqIv0DzBbPwuns5ufwl6gcVfUXH5SA6sYbdVz4,20240125,いわき平,7,G3,Ｓ級一次予選,1,1,真船圭一郎,7,9,3,6,2024/01/25 07:04&nbsp;更新
4y6dPhGvcrSladdkbHuti9F1lGZP7uCSXzEUSEgxW8Z4FF9XQ-7lgVNdM81hP0je,20240125,いわき平,8,G3,Ｓ級一次予選,1,1,保科　千春,3,9,7,4,2024/01/25 07:04&nbsp;更新
4y6dPhGvcrSladdkbHutiy2ve4oH1rsqlGBesdsAOJ2JfqfG-uh4eqjaRoMpEBdi,20240125,いわき平,9,G3,Ｓ級一次予選,1,1,平沼　由充,7,9,5,8,2024/01/25 07:04&nbsp;更新
4y6dPhGvcrSladdkbHutiyVvYDCnRT3CaBxqWGOstmyuaSBH9X0ttpoobec6OI9-,20240125,いわき平,10,G3,Ｓ級一次予選,1,1,三澤　康人,9,7,2,"1,3",2024/01/25 07:04&nbsp;更新
4y6dPhGvcrSladdkbHuti1uOOy_vgUvVSppqjyT72dYq5h3TI_pFeZDBm-w4rm3E,20240125,いわき平,11,G3,Ｓ級一次予選,1,1,保科　千春,5,1,1,6,2024/01/25 07:04&nbsp;更新
4y6dPhGvcrSladdkbHuti5jx1-SI6UurF2ZMyJ8ukfwYeu5Qy222Ki5rK_WRsTXO,20240125,いわき平,12,G3,Ｓ級初日特選,1,1,齋藤登志信,1,7,"2,8",,2024/01/25 07:04&nbsp;更新
wWGgXEq2uuee3jKNfyXvkMxbvdB_poFh3-RZ2Y3SlFuwsaOxDsdjUfxwbx4h2y3A,20240125,松戸,1,F1,Ａ級一般,1,1,吉竹　雄城,1,2,6,7,2024/01/25 07:04&nbsp;更新
wWGgXEq2uuee3jKNfyXvkMSXv6xVowEGvss-YIg3ps55LjgZt908EJTm1U_doE5O,20240125,松戸,2,F1,Ａ級一般,1,1,水書　義弘,1,3,4,6,2024/01/25 07:04&nbsp;更新
wWGgXEq2uuee3jKNfyXvkAU5uVfGnYWOe5jy1jubabPDMfG9J9eJB9YYicdpKm2U,20240125,松戸,3,F1,Ａ級特選,1,1,金野　俊秋,1,7,"4,7",,2024/01/25 13:57&nbsp;更新
wWGgXEq2uuee3jKNfyXvkNq2AAHCoTa7HWnzDEnn3-3OynGk_qCrrXeMB_O0nYLP,20240125,松戸,4,F1,Ａ級特選,1,1,吉竹　雄城,4,1,4,7,2024/01/25 07:04&nbsp;更新
wWGgXEq2uuee3jKNfyXvkDDQ_AExq1NutWcvf2zwfnqVhmZopNeB7K0YK06KVLgi,20240125,松戸,5,F1,Ｓ級一般,1,1,水書　義弘,3,2,"6,7",,2024/01/25 07:04&nbsp;更新
wWGgXEq2uuee3jKNfyXvkDqiFhEU_n2SzPsOYnVU9x0NaAiGyRju8BuGWoH0SPce,20240125,松戸,6,F1,Ｓ級一般,1,1,染谷　幸喜,3,7,1,4,2024/01/25 07:04&nbsp;更新
wWGgXEq2uuee3jKNfyXvkNxs-6LepzVprXBIHgDz0IT-gpvNUIp-dwAtX0KvD8Lj,20240125,松戸,7,F1,Ｓ級一般,1,1,小林　稜武,4,1,5,"2,6",2024/01/25 07:04&nbsp;更新
wWGgXEq2uuee3jKNfyXvkIfXcKSnKFTO9eWjY_vKYkQdiwfuAUCgfWDyeQxhvVDn,20240125,松戸,8,F1,Ｓ級特選,1,1,水書　義弘,1,7,7,6,2024/01/25 07:04&nbsp;更新
wWGgXEq2uuee3jKNfyXvkIPyEsQNYTnzdKDnIB45c8r9DZFeyL1-WH2OOfAnBBhP,20240125,松戸,9,F1,Ｓ級特選,1,1,染谷　幸喜,1,5,5,"4,6",2024/01/25 07:04&nbsp;更新
wWGgXEq2uuee3jKNfyXvkI95dOIseAtIE5iUU_YYM3hz55lm_B248Ih32IKyc2Zj,20240125,松戸,10,F1,Ｓ級特選,1,1,金野　俊秋,1,5,6,1,2024/01/25 07:04&nbsp;更新
wWGgXEq2uuee3jKNfyXvkCyNFFkwwvGq3ECjiMMGimDHK4rXCz6IJ__taHyRtahR,20240125,松戸,11,F1,Ａ級決勝,1,1,小林　稜武,4,2,5,4,2024/01/25 07:04&nbsp;更新
wWGgXEq2uuee3jKNfyXvkL6ePxo3pPH0sMDqoJpkST9NBJjFkvkbd82SpsNUafMJ,20240125,松戸,12,F1,Ｓ級決勝,1,1,染谷　幸喜,1,2,7,5,2024/01/25 07:04&nbsp;更新
qW-ZPX5Na0y9CaoMyhsv48Fl7kVAy1mhoambyGaMRbyYwNojjuRHONuvqleTEu2n,20240125,岐阜,1,F1,Ａ級予選,1,1,不破　将登,1,7,5,7,2024/01/25 07:04&nbsp;更新
qW-ZPX5Na0y9CaoMyhsv4yOkslWK6jaujtSV607eDPD8ly6vRjdzAIYkUxRQFpv2,20240125,岐阜,2,F1,Ａ級予選,1,1,山田　純也,1,5,3,1,2024/01/25 07:04&nbsp;更新
qW-ZPX5Na0y9CaoMyhsv41_TOCfuKHIOXYem_BzuMh_fwmAKPvHMrl5ZFsMnQWCm,20240125,岐阜,3,F1,Ａ級予選,1,1,長屋　秀明,1,7,1,3,2024/01/25 07:04&nbsp;更新
qW-ZPX5Na0y9CaoMyhsv4_rTBmGW73na8XwaXjOrjCAMb9LgYTky8mUYAZh6wE9Y,20240125,岐阜,4,F1,Ａ級予選,1,1,山田　雅之,2,5,2,6,2024/01/25 07:04&nbsp;更新
qW-ZPX5Na0y9CaoMyhsv47VkO1KIiutFtJRItBP8zUp3xqNKo6fKnITHYWdYfaQB,20240125,岐阜,5,F1,Ａ級初日特選,1,1,不破　将登,7,3,"1,4",,2024/01/25 07:04&nbsp;更新
qW-ZPX5Na0y9CaoMyhsv44gbnR2hYBscgZV7WZOOCWkgq-JWbNldE4y9QJB5OhJy,20240125,岐阜,6,F1,Ｌ級ガールズ予選（第１走）,1,1,原　真司,2,4,4,7,2024/01/25 07:04&nbsp;更新
qW-ZPX5Na0y9CaoMyhsv4zfPyC171gj4Yuax54b_wOivamfT33VMtevDaWBezDfb,20240125,岐阜,7,F1,Ｌ級ガールズ予選（第１走）,1,1,山田　純也,7,5,5,7,2024/01/25 07:04&nbsp;更新
qW-ZPX5Na0y9CaoMyhsv410QqKda9MRkpLL7eBMgZrdi0CgDQnUv74CrCywFJsWL,20240125,岐阜,8,F1,Ｓ級予選,1,1,長屋　秀明,1,5,4,"1,3",2024/01/25 07:04&nbsp;更新
qW-ZPX5Na0y9CaoMyhsv42VhuVUdKJm1eXEx1OawfL-crVA7jQGWvlt7xLNvKYDm,20240125,岐阜,9,F1,Ｓ級予選,1,1,原　真司,3,7,5,"3,6",2024/01/25 07:04&nbsp;更新
qW-ZPX5Na0y9CaoMyhsv40tjt-oETXxi23n9QKONm4QOP8h7ePx8rhOpQtoZDwAC,20240125,岐阜,10,F1,Ｓ級予選,1,1,山田　雅之,5,2,2,6,2024/01/25 07:04&nbsp;更新
qW-ZPX5Na0y9CaoMyhsv4ytuTPzMuLulyWXmbuuEQEwhGGp3pLoep3YvGWdyPHOw,20240125,岐阜,11,F1,Ｓ級予選,1,1,不破　将登,1,5,3,7,2024/01/25 07:04&nbsp;更新
qW-ZPX5Na0y9CaoMyhsv48t2p3HV2Io06M5SUx3l5ifhybmpek7lyP35qkgQkIPH,20240125,岐阜,12,F1,Ｓ級初日特選,1,1,原　真司,5,7,5,1,2024/01/25 07:04&nbsp;更新
pjpbN8xQZYQT1-bYupLW5zvaEqwKuz1cUM94566uIWH-yNETwdEV12XrSXis6i09,20240125,小田原,1,F2,Ａ級一般,1,1,安藤　宜明,1,3,6,4,2024/01/25 07:04&nbsp;更新
pjpbN8xQZYQT1-bYupLW567Am5E-LV8qOtMqYLqIHAXmOVADt8hodSNQNaS24MNz,20240125,小田原,2,F2,Ａ級一般,1,1,桐山敬太郎,2,5,5,"1,2,4",2024/01/25 07:04&nbsp;更新
pjpbN8xQZYQT1-bYupLW57Tatcg_s9SzfzoAiWrE3JEbuVT6a-CASML-1i-itlq8,20240125,小田原,3,F2,Ａ級選抜,1,1,伊豆田浩人,4,7,4,,2024/01/25 07:04&nbsp;更新
pjpbN8xQZYQT1-bYupLW5x_gTDZ1CHXcouc_VMXEDztvYFX9d76W8VOGSPbO4rC-,20240125,小田原,4,F2,Ａ級選抜,1,1,旭　啓介,1,5,5,,2024/01/25 07:04&nbsp;更新
pjpbN8xQZYQT1-bYupLW5yLFRj8i1zVHEgUv3al8UdiDweHasJ42tfVLu2tG98DL,20240125,小田原,5,F2,Ａ級準決勝,1,1,安藤　宜明,1,5,5,2,2024/01/25 07:04&nbsp;更新
pjpbN8xQZYQT1-bYupLW5wmet96cB3eAmbVnxakO2bWRWZ9YdZqXhlv3SIGkKXdF,20240125,小田原,6,F2,Ａ級準決勝,1,1,伊豆田浩人,7,4,3,6,2024/01/25 07:04&nbsp;更新
pjpbN8xQZYQT1-bYupLW51rvOudOWjOVJfjR8nhvbet6kVLxTwpTfH9SxQokgwgm,20240125,小田原,7,F2,Ａ級準決勝,1,1,桐山敬太郎,1,5,"1,3",,2024/01/25 07:04&nbsp;更新
lrrgkIOCNWMkGpMAgnwNNgOzRq5bop0ZUCzetmIQ7Htn2_nvJmGZTAEWFbh9SVuz,20240125,奈良,1,F2,Ａ級チャレンジ予選,1,1,辰己　豊,1,2,6,4,2024/01/25 07:04&nbsp;更新
lrrgkIOCNWMkGpMAgnwNNqG5_HNUIUnXhl4VPUGjvMMhXqOm-zGFpNdLv86pS55Q,20240125,奈良,2,F2,Ａ級チャレンジ予選,1,1,河元　茂,1,2,1,"4,5",2024/01/25 07:04&nbsp;更新
lrrgkIOCNWMkGpMAgnwNNsjBHOPRId5E_9nqdiOps6Dn8Evk6PbQi6SWejfm9P8J,20240125,奈良,3,F2,Ａ級チャレンジ予選,1,1,吉堂　将規,1,2,2,4,2024/01/25 07:04&nbsp;更新
lrrgkIOCNWMkGpMAgnwNNhbumk_txNDislLtzrhCE2U4yHrx0uQz90HJeaF7smAe,20240125,奈良,4,F2,Ａ級チャレンジ予選,1,1,佐山　寛明,1,2,2,6,2024/01/25 07:04&nbsp;更新
lrrgkIOCNWMkGpMAgnwNNnkU3FhOj7Pceapa7PbxzfvhPlb6nxhrKJmzvZiVH6Uh,20240125,奈良,5,F2,Ａ級特予選,1,1,辰己　豊,1,2,6,4,2024/01/25 07:04&nbsp;更新
lrrgkIOCNWMkGpMAgnwNNu5bVBOCmYKcOZDfxevSKPlGGGqUix-xIO-bdSwBAZkS,20240125,奈良,6,F2,Ａ級特予選,1,1,河元　茂,1,2,2,3,2024/01/25 07:04&nbsp;更新
lrrgkIOCNWMkGpMAgnwNNrCoTH2Ykjh1e_XtBluj4pRBTV3ApgsXwzdGUet5gwNC,20240125,奈良,7,F2,Ａ級特予選,1,1,吉堂　将規,1,2,6,2,2024/01/25 07:04&nbsp;更新
lrrgkIOCNWMkGpMAgnwNNm0PzADQCv44eCVJdjupqX6o_AcBbtHw4PrMFvx8lxZO,20240125,奈良,8,F2,Ａ級特予選,1,1,佐山　寛明,1,2,1,3,2024/01/25 07:04&nbsp;更新
lrrgkIOCNWMkGpMAgnwNNtGrfiqSatLBaBcopCBgRCBGYKlt8tTdA7_5Lrl8R9PK,20240125,奈良,9,F2,Ａ級初日特選,1,1,辰己　豊,1,2,7,6,2024/01/25 07:04&nbsp;更新
5JBLdC8cyCWI9sEL6PUbQhQVoNTj5PssiuQj6MHAF54xmmYBe99drAk9D2s6-1Kd,20240125,高松,1,F2,Ａ級チャレンジ予選,1,1,木村　浩宣,1,2,1,6,2024/01/25 07:04&nbsp;更新
5JBLdC8cyCWI9sEL6PUbQsv_yOGl45iBzDz-ReSzgk_MSqfw6dvqz2VmeCld60Nn,20240125,高松,2,F2,Ａ級チャレンジ予選,1,1,船曳　義之,1,2,4,3,2024/01/25 07:04&nbsp;更新
5JBLdC8cyCWI9sEL6PUbQly5jY5gq-vQcQ6tB36GDJURqqcToishTpctqBcpyh2N,20240125,高松,3,F2,Ａ級チャレンジ予選,1,1,近藤　誠二,1,2,3,1,2024/01/25 07:04&nbsp;更新
5JBLdC8cyCWI9sEL6PUbQh-kFvSAKzuT2dlgjeV7w5YSsbAPvFbJJza3kUq4w3Xf,20240125,高松,4,F2,Ａ級チャレンジ予選,1,1,児玉慎一郎,1,2,1,2,2024/01/25 07:04&nbsp;更新
5JBLdC8cyCWI9sEL6PUbQrIe8lEDoh2qeV1ppp5ckyXWr9_TLLfErd-fhTNLX_zN,20240125,高松,5,F2,Ａ級特予選,1,1,船曳　義之,1,2,2,7,2024/01/25 07:04&nbsp;更新
5JBLdC8cyCWI9sEL6PUbQhYqXRxBAg_rvCKM9fSHVMo56zrxHtTc2ObU7QIlNJax,20240125,高松,6,F2,Ａ級特予選,1,1,木村　浩宣,1,2,5,2,2024/01/25 07:04&nbsp;更新
5JBLdC8cyCWI9sEL6PUbQu2qleq7C81B7DeS_XZKmcuJnwDrDTAm2nhBfAisXef4,20240125,高松,7,F2,Ａ級特予選,1,1,近藤　誠二,1,2,1,4,2024/01/25 07:04&nbsp;更新
5JBLdC8cyCWI9sEL6PUbQqjbiERsX1mQ7N9_Ju7t7Y02EJ1B0O6tqgNgpQkxuuqV,20240125,高松,8,F2,Ａ級特予選,1,1,船曳　義之,1,2,1,3,2024/01/25 07:04&nbsp;更新
5JBLdC8cyCWI9sEL6PUbQuUXip4gRykn5G3cPuBx3lh9pn9xYBMOV0JVbnOhYOmf,20240125,高松,9,F2,Ａ級初日特選,1,1,児玉慎一郎,1,2,6,1,2024/01/25 07:04&nbsp;更新
4y6dPhGvcrSladdkbHutiykFrW37dYs-txVDJNSHXMDrEBLNGANQ6zei5_WNs391,20240126,いわき平,1,G3,Ｓ級選抜,1,1,保科　千春,2,7,2,5,2024/01/26 07:01&nbsp;更新
4y6dPhGvcrSladdkbHuti8Orrt7hGfJ0DrusHjxdZPIwIxHQt9BtxXmMZ4TZnrmp,20240126,いわき平,2,G3,Ｓ級選抜,1,1,三澤　康人,2,1,2,1,2024/01/26 07:01&nbsp;更新
4y6dPhGvcrSladdkbHuti_VILrTEBb2rwowczGhk4ny6Htd1vJsNw-ajgSYL4p93,20240126,いわき平,3,G3,Ｓ級選抜,1,1,真船圭一郎,7,2,3,9,2024/01/26 07:01&nbsp;更新
4y6dPhGvcrSladdkbHuti0rJgdF2ZuEok7gp565c97RwrgBMQV8kONHv8Kv0X5gm,20240126,いわき平,4,G3,Ｓ級選抜,1,1,保科　千春,7,2,9,6,2024/01/26 07:01&nbsp;更新
4y6dPhGvcrSladdkbHutixG6TfbcWsddKN5Dvq2BNMS_M3vOWwg3iOFsayoCgiDU,20240126,いわき平,5,G3,Ｓ級選抜,1,1,齋藤登志信,1,9,"6,9",,2024/01/26 07:01&nbsp;更新
4y6dPhGvcrSladdkbHuti5aSseL7qfGebpc6wTRXxOe9dAO9yRgEFbd99eEwj5Ri,20240126,いわき平,6,G3,Ｓ級二次予選,1,1,三澤　康人,7,1,8,6,2024/01/26 07:01&nbsp;更新
4y6dPhGvcrSladdkbHuti3RTfZ9aiyITSsYENvPrqafBHzBG2Sl_m8GB-Je9QBbS,20240126,いわき平,7,G3,Ｓ級二次予選,1,1,真船圭一郎,1,3,2,1,2024/01/26 07:01&nbsp;更新
4y6dPhGvcrSladdkbHuti_w8qe76A066jLYpvyM8qVzLEqeNBgJR3BbrsJxFbFex,20240126,いわき平,8,G3,Ｓ級二次予選,1,1,平沼　由充,5,2,6,5,2024/01/26 07:01&nbsp;更新
4y6dPhGvcrSladdkbHuti8PNOAK3BSZyCCSvYLxMiBN4CZUw7iWq_DnQCYZWhYZq,20240126,いわき平,9,G3,Ｓ級二次予選,1,1,保科　千春,7,1,4,7,2024/01/26 07:01&nbsp;更新
4y6dPhGvcrSladdkbHuti96AJyGAsnr7a02TJmO43TMeypigzg9Jevh3Lya_dnRY,20240126,いわき平,10,G3,Ｓ級二次予選,1,1,齋藤登志信,5,2,3,9,2024/01/26 07:01&nbsp;更新
4y6dPhGvcrSladdkbHutiyNShs350XcM9xaXTzCfhYhhrzWuEhft9VghkeOTuiEp,20240126,いわき平,11,G3,Ｓ級二次予選,1,1,平沼　由充,1,7,7,8,2024/01/26 07:01&nbsp;更新
4y6dPhGvcrSladdkbHutizsye1G6c6KzhlorRQulLhbzNgGBnT3HHGagdbWKzDT8,20240126,いわき平,12,G3,Ｓ級二次予選,1,1,真船圭一郎,7,2,9,"4,7",2024/01/26 07:01&nbsp;更新
qW-ZPX5Na0y9CaoMyhsv4-9sz33V8_n0OeETpp1nx1o3VWyXPVL1ddJp3iTd_p5T,20240126,岐阜,1,F1,Ａ級一般,1,1,山田　純也,3,1,1,7,2024/01/26 07:01&nbsp;更新
qW-ZPX5Na0y9CaoMyhsv485TJeOQMY-vYl4TUSrQLp88iVLAnkHP0MoO5P0tCCV6,20240126,岐阜,2,F1,Ａ級一般,1,1,原　真司,1,5,1,2,2024/01/26 07:01&nbsp;更新
qW-ZPX5Na0y9CaoMyhsv40GAbcEE01EAPFOFsA4LyJ1Bbqb258_Dxb0MbcUfI9V0,20240126,岐阜,3,F1,Ａ級準決勝,1,1,不破　将登,7,1,2,7,2024/01/26 07:01&nbsp;更新
qW-ZPX5Na0y9CaoMyhsv4_k2sx7LglyGCswh-4WM6V3352oP7NYSXome70k9Oxqv,20240126,岐阜,4,F1,Ａ級準決勝,1,1,長屋　秀明,3,7,7,5,2024/01/26 07:01&nbsp;更新
qW-ZPX5Na0y9CaoMyhsv450KbSoWD2ZpwB8pYJUTHwIXMX0yhu1BJ_ukjR2C2zPX,20240126,岐阜,5,F1,Ａ級準決勝,1,1,山田　雅之,1,7,2,1,2024/01/26 07:01&nbsp;更新
qW-ZPX5Na0y9CaoMyhsv4xH4UAUajSPNQztTto9_zGHGH_JKAqF6qTfpgE27opq4,20240126,岐阜,6,F1,Ｌ級ガールズ予選（第２走）,1,1,山田　純也,7,3,3,1,2024/01/26 07:01&nbsp;更新
qW-ZPX5Na0y9CaoMyhsv45Y452M06KiVDgFqnzTY_CFqcZ10RPvWUGF-y-u_JHLG,20240126,岐阜,7,F1,Ｌ級ガールズ予選（第２走）,1,1,不破　将登,4,3,3,"1,4",2024/01/26 07:01&nbsp;更新
qW-ZPX5Na0y9CaoMyhsv4wSAVwE0-x25JepEZzWoZMIJS-HF6kycC7j-l76dyR2L,20240126,岐阜,8,F1,Ｓ級一般,1,1,原　真司,7,2,6,4,2024/01/26 07:01&nbsp;更新
qW-ZPX5Na0y9CaoMyhsv4yAwNqY0WoUsN41T8BMATDERoxfBz8aAfnwdETVUYlLg,20240126,岐阜,9,F1,Ｓ級一般,1,1,長屋　秀明,1,7,1,"3,4",2024/01/26 07:01&nbsp;更新
qW-ZPX5Na0y9CaoMyhsv44INKE5p2N9zBPIXWDYqreTi-jikvBFcbx_-p4sAGk-1,20240126,岐阜,10,F1,Ｓ級準決勝,1,1,山田　雅之,1,3,6,3,2024/01/26 07:01&nbsp;更新
qW-ZPX5Na0y9CaoMyhsv4yJFBAdSo4N4TEAB_3oHKD83rt_tiVWFCEhyqMYihVjl,20240126,岐阜,11,F1,Ｓ級準決勝,1,1,不破　将登,5,1,7,6,2024/01/26 07:01&nbsp;更新
qW-ZPX5Na0y9CaoMyhsv49ycfBp-zp_LVh8tIxFC-csQySC0aEWo_qXvnSUm7czK,20240126,岐阜,12,F1,Ｓ級準決勝,1,1,原　真司,1,2,6,4,2024/01/26 07:01&nbsp;更新
dTawFXGT895LEmEj4dpxjrPjhP3wnqDz9iDTGfGJJ4sLoNuDqthyppcVyc8M74VT,20240126,久留米,1,F1,Ａ級予選,1,1,楢原　由将,5,4,4,5,2024/01/26 07:01&nbsp;更新
dTawFXGT895LEmEj4dpxjixOCMvARKY7qzkKfBe1WrVwEXv9ZySYfmg4zIvcXrcI,20240126,久留米,2,F1,Ａ級予選,1,1,竹内　真一,3,4,"3,7",,2024/01/26 07:01&nbsp;更新
dTawFXGT895LEmEj4dpxjns3DDBCOmTOAfCT_kO1jShpXyBeNK9v8xo6Xw8z1-b4,20240126,久留米,3,F1,Ａ級予選,1,1,吉良　勝信,7,3,7,4,2024/01/26 07:01&nbsp;更新
dTawFXGT895LEmEj4dpxjsAiyj663gjvF0Rhe_-9wk-7QF42W6-rsxmFpSZK5JLJ,20240126,久留米,4,F1,Ａ級予選,1,1,楢原　由将,1,7,1,3,2024/01/26 07:01&nbsp;更新
dTawFXGT895LEmEj4dpxjtzD0B7WgpmmnXbXrdKp1W-JmQW7osmOOhSShkFxATZ6,20240126,久留米,5,F1,Ａ級初日特選,1,1,竹内　真一,3,4,7,2,2024/01/26 07:01&nbsp;更新
dTawFXGT895LEmEj4dpxjq32BQHW_0Gjxaq8SsBq_LKK9MZaNaZCW7c1ROq0kJo-,20240126,久留米,6,F1,Ｓ級予選,1,1,吉良　勝信,7,4,1,3,2024/01/26 07:01&nbsp;更新
dTawFXGT895LEmEj4dpxjjtXx6TuLv9Uxf6OIF2YePZnPWll6HsRXdsJKUYk83DX,20240126,久留米,7,F1,Ｓ級予選,1,1,高木　和仁,2,7,5,2,2024/01/26 07:01&nbsp;更新
dTawFXGT895LEmEj4dpxjqxOD-fXgC0ENNhPQh2f3_-XxIajrIPbehph6DREWEeH,20240126,久留米,8,F1,Ｓ級予選,1,1,梶山裕次郎,5,2,3,5,2024/01/26 07:01&nbsp;更新
dTawFXGT895LEmEj4dpxjkMzFWkmhSyYsqQOW85UsrS9GafD5W4QQqsKVQCfZXV1,20240126,久留米,9,F1,Ｓ級予選,1,1,竹内　真一,7,3,7,1,2024/01/26 07:01&nbsp;更新
dTawFXGT895LEmEj4dpxjtTgH6_5SONWhv0q_WB93YM7dex17M5qK23iuTK13pls,20240126,久留米,10,F1,Ｓ級予選,1,1,吉良　勝信,4,5,5,4,2024/01/26 07:01&nbsp;更新
dTawFXGT895LEmEj4dpxjqpkw9juPsF2kp3nDYMrk53m3PupFdvKjvg4_MSdSORR,20240126,久留米,11,F1,Ｓ級予選,1,1,高木　和仁,1,4,1,5,2024/01/26 07:01&nbsp;更新
dTawFXGT895LEmEj4dpxjiOwDbO4_MaZ03uX_6WwL_3yqSlzomvVn03Glp5A_etA,20240126,久留米,12,F1,Ｓ級初日特選,1,1,梶山裕次郎,3,7,5,2,2024/01/26 07:01&nbsp;更新
qB0b7MkHtkbTo5CbxWit49sWh51UdVDyLvRsLh2PEtETT6wQ1EC86UFsrjIHEQzI,20240126,川崎,1,F2,Ａ級チャレンジ予選,1,1,鈴木　広人,7,3,3,1,2024/01/26 07:01&nbsp;更新
qB0b7MkHtkbTo5CbxWit4wSMjJJHjU65EgAJFoJTIGQHp5pCI5jghclin0b5kuWN,20240126,川崎,2,F2,Ａ級チャレンジ予選,1,1,勝瀬　卓也,1,3,4,7,2024/01/26 07:01&nbsp;更新
qB0b7MkHtkbTo5CbxWit40c19DrSpCiuct2q-qZi0fcAqvFoyj7WOHGNd16thPRK,20240126,川崎,3,F2,Ａ級チャレンジ予選,1,1,永山　英司,5,1,2,5,2024/01/26 07:01&nbsp;更新
qB0b7MkHtkbTo5CbxWit48wC1CRleUxBWu9svcEBvaMJcNj0uxUfCGF8vmRwANvk,20240126,川崎,4,F2,Ａ級チャレンジ予選,1,1,鈴木　広人,4,1,4,2,2024/01/26 07:01&nbsp;更新
qB0b7MkHtkbTo5CbxWit4-ky-GK2d0rLFHTSXPmQ1cdIm-ls6MKuunM1dMbGDckQ,20240126,川崎,5,F2,Ａ級チャレンジ予選,1,1,福田　知也,1,5,1,7,2024/01/26 07:01&nbsp;更新
qB0b7MkHtkbTo5CbxWit48lVY75AJVbkP2uRBTPiab6j4gAfYxNQ6EbmSkishFml,20240126,川崎,6,F2,Ｌ級ガールズ予選（第１走）,1,1,勝瀬　卓也,6,5,4,6,2024/01/26 07:01&nbsp;更新
qB0b7MkHtkbTo5CbxWit46Tyau5_9qz4aSstLum6ok5kO5dcS96IlJubkcxrKffO,20240126,川崎,7,F2,Ｌ級ガールズ予選（第１走）,1,1,鈴木　広人,3,2,3,"1,5",2024/01/26 07:01&nbsp;更新
qB0b7MkHtkbTo5CbxWit42ZBfx06mAzFiplcP0cXT1S_mxXw-SaBoYbI14FmWQ6j,20240126,川崎,8,F2,Ａ級特予選,1,1,齊藤　竜也,7,5,5,1,2024/01/26 07:01&nbsp;更新
qB0b7MkHtkbTo5CbxWit41HjH5f3w6Ui17Q3ZGiHCCZA4AWqSwKKeYqWmTYlnAP7,20240126,川崎,9,F2,Ａ級特予選,1,1,永山　英司,3,4,3,7,2024/01/26 07:01&nbsp;更新
qB0b7MkHtkbTo5CbxWit4wyZjXR8zT1av16GNCi_cJYlpfvCX6KaU93R52P5KYzh,20240126,川崎,10,F2,Ａ級特予選,1,1,勝瀬　卓也,2,7,5,2,2024/01/26 07:01&nbsp;更新
qB0b7MkHtkbTo5CbxWit40CzmDAm1bNtq6BRNCDa5B1g7LlPgQZ_2egXRANys17f,20240126,川崎,11,F2,Ａ級特予選,1,1,齊藤　竜也,4,1,6,1,2024/01/26 07:01&nbsp;更新
qB0b7MkHtkbTo5CbxWit48-Y3V5nxO_DHkKfjSzBjDJyq3HAH55LLK3BLCIwqW0N,20240126,川崎,12,F2,Ａ級初日特選,1,1,福田　知也,2,4,7,4,2024/01/26 07:01&nbsp;更新
pjpbN8xQZYQT1-bYupLW54PW9bcSMmKKZndqC84za7oMDjQ4cHxQiEq9lzHk21d8,20240126,小田原,1,F2,Ａ級一般,1,1,旭　啓介,5,2,6,,2024/01/26 07:01&nbsp;更新
pjpbN8xQZYQT1-bYupLW5yNQ0W_OF57BSFCpob6JQmAw1e4p5RTd7U-JcMULKy9A,20240126,小田原,2,F2,Ａ級一般,1,1,桐山敬太郎,7,5,"5,7",,2024/01/26 07:01&nbsp;更新
pjpbN8xQZYQT1-bYupLW59ltDUaO5yHvxWQW5UqYude8lVu5USDhrgxNvcL65yue,20240126,小田原,3,F2,Ａ級一般,1,1,安藤　宜明,2,7,1,2,2024/01/26 07:01&nbsp;更新
pjpbN8xQZYQT1-bYupLW50XSGJG55lvPPg8Uu0_Ex5J4uW65ZBdgy8H71H8fhST9,20240126,小田原,4,F2,Ａ級特選,1,1,伊豆田浩人,1,2,2,6,2024/01/26 07:01&nbsp;更新
pjpbN8xQZYQT1-bYupLW514IC6XY03nfyFHV6bN9Dg4LNIP8L7TxWCZ_cJCIVHO4,20240126,小田原,5,F2,Ａ級決勝,1,1,桐山敬太郎,5,2,4,5,2024/01/26 07:01&nbsp;更新
pjpbN8xQZYQT1-bYupLW58deGq_2OOgyBA9ueaLeo5wHKDoMNX0OXEN_g4hD3n_y,20240126,小田原,6,F2,Ａ級特選,1,1,旭　啓介,7,5,7,3,2024/01/26 07:01&nbsp;更新
pjpbN8xQZYQT1-bYupLW5zUP7M_iilOB7rGH4ucEclJANg707VWp1a5YekTIFjzV,20240126,小田原,7,F2,Ａ級特選,1,1,伊豆田浩人,2,1,4,6,2024/01/26 07:01&nbsp;更新
lrrgkIOCNWMkGpMAgnwNNiImU7jD9GuHqPvWOkevJYeWPTxfve8jr8iam7szLG-R,20240126,奈良,1,F2,Ａ級チャレンジ一般,1,1,辰己　豊,1,2,4,3,2024/01/26 11:53&nbsp;更新
lrrgkIOCNWMkGpMAgnwNNtRM6aiKzlpZ8XZUDtVri421l9Kk6rcxrbNRrc2RrG6-,20240126,奈良,2,F2,Ａ級チャレンジ一般,1,1,河元　茂,1,2,3,5,2024/01/26 11:53&nbsp;更新
lrrgkIOCNWMkGpMAgnwNNqeEt0LjYAFjiG9iFV9esd6twhcBSfJmkl8S8KVW7Bb1,20240126,奈良,3,F2,Ａ級チャレンジ準決勝,1,1,吉堂　将規,1,2,2,4,2024/01/26 11:53&nbsp;更新
lrrgkIOCNWMkGpMAgnwNNsOpg6zKjm-EpJKGCaOPLFNK7AStJ1aDfOajvJmaMROy,20240126,奈良,4,F2,Ａ級チャレンジ準決勝,1,1,佐山　寛明,1,2,4,7,2024/01/26 11:53&nbsp;更新
lrrgkIOCNWMkGpMAgnwNNmESikGb0GMxDRwvJTZJcP_pwm9akhl56at7H0aZ-bpJ,20240126,奈良,5,F2,Ａ級特一般,1,1,辰己　豊,1,2,2,3,2024/01/26 11:53&nbsp;更新
lrrgkIOCNWMkGpMAgnwNNu2snvV1jj1EXcjiNTetRLRjUau0gdsUAos1BpD8L3bo,20240126,奈良,6,F2,Ａ級特一般,1,1,河元　茂,1,2,5,,2024/01/26 20:03&nbsp;更新
lrrgkIOCNWMkGpMAgnwNNiNyx5__QgzvxtuzZ-b4me1aIlhI_xKOZCNDboOhbpRX,20240126,奈良,7,F2,Ａ級準決勝,1,1,吉堂　将規,1,2,7,6,2024/01/26 11:53&nbsp;更新
lrrgkIOCNWMkGpMAgnwNNsmWz3owgzNMZtdAu-SQBFBRIDZQptErNw8NCV5OA4dQ,20240126,奈良,8,F2,Ａ級準決勝,1,1,佐山　寛明,1,2,3,5,2024/01/26 11:53&nbsp;更新
lrrgkIOCNWMkGpMAgnwNNucIrjmCuKPfOv-lxW4IjVOygRA2-1wLuGOirlaQvrjW,20240126,奈良,9,F2,Ａ級準決勝,1,1,辰己　豊,1,2,3,"4,7",2024/01/26 11:53&nbsp;更新
5JBLdC8cyCWI9sEL6PUbQmE17NdIf5OqjxOD6VLZNe7_uQLbnGIF6RXTuYDC8BfQ,20240126,高松,1,F2,Ａ級チャレンジ一般,1,1,木村　浩宣,1,2,2,6,2024/01/26 12:34&nbsp;更新
5JBLdC8cyCWI9sEL6PUbQkxU7lqwepjmxKfN72UNF4vwjW0z-DthAdqPRjGfgWiA,20240126,高松,2,F2,Ａ級チャレンジ一般,1,1,船曳　義之,1,2,2,,2024/01/26 12:34&nbsp;更新
5JBLdC8cyCWI9sEL6PUbQpRyU-usif-CpdC7MjJSc2Dz2aDMigMZvSpSaf0TE2YF,20240126,高松,3,F2,Ａ級チャレンジ準決勝,1,1,近藤　誠二,1,2,3,5,2024/01/26 12:34&nbsp;更新
5JBLdC8cyCWI9sEL6PUbQnrJd3TgnVg20tFIZZSusOg4_Z8owIJBWXYIQ5Qv-te_,20240126,高松,4,F2,Ａ級チャレンジ準決勝,1,1,児玉慎一郎,1,2,1,5,2024/01/26 12:34&nbsp;更新
5JBLdC8cyCWI9sEL6PUbQqJ77tcKNtlKYpedp538Ff0jaF5xUpysySB-mes7iHPD,20240126,高松,5,F2,Ａ級特一般,1,1,木村　浩宣,1,2,"1,3",,2024/01/26 12:34&nbsp;更新
5JBLdC8cyCWI9sEL6PUbQunpeKar9U3bv9qnWC0I_fChVLsQNOb346wEa-cNF49d,20240126,高松,6,F2,Ａ級特一般,1,1,近藤　誠二,1,2,1,4,2024/01/26 19:15&nbsp;更新
5JBLdC8cyCWI9sEL6PUbQry3EmCelkrLxisi3D6Tdo4-j6XPmdwi-yFUkgSC2c3d,20240126,高松,7,F2,Ａ級準決勝,1,1,船曳　義之,1,2,3,7,2024/01/26 12:34&nbsp;更新
5JBLdC8cyCWI9sEL6PUbQvX_SjsfPYGsT2PXWkzI06RZOsVXeUgdJaVeer5uQAsv,20240126,高松,8,F2,Ａ級準決勝,1,1,児玉慎一郎,1,2,3,"2,5",2024/01/26 12:34&nbsp;更新
5JBLdC8cyCWI9sEL6PUbQuNEq80ckeuNOiUqy9dKK3-VnS8PUwuAs3k5papJ2pYI,20240126,高松,9,F2,Ａ級準決勝,1,1,近藤　誠二,1,2,6,1,2024/01/26 12:34&nbsp;更新
4y6dPhGvcrSladdkbHuti0Zn_UpyKJfhlZ5X9zwG8xC8EFCnbjALqq9fmJvhe5US,20240127,いわき平,1,G3,Ｓ級一般,1,1,三澤　康人,3,2,6,8,2024/01/27 07:01&nbsp;更新
4y6dPhGvcrSladdkbHutix280XHcXa-h_GZj-GwCKqWDG1GKe20dBNN77JJP6ky6,20240127,いわき平,2,G3,Ｓ級一般,1,1,真船圭一郎,2,3,2,9,2024/01/27 07:01&nbsp;更新
4y6dPhGvcrSladdkbHuti_yb4MmlVO7atDC6AwxSafTwFS1BflFRdi7Sf5ajTF-5,20240127,いわき平,3,G3,Ｓ級一般,1,1,齋藤登志信,3,5,6,3,2024/01/27 07:01&nbsp;更新
4y6dPhGvcrSladdkbHuti0LgFBioXhWxZ_mfyVW2sVjTdF0IPTAaFBP6sjhsIWNM,20240127,いわき平,4,G3,Ｓ級選抜,1,1,平沼　由充,1,5,2,5,2024/01/27 07:01&nbsp;更新
4y6dPhGvcrSladdkbHuti4yAvTU33Y0uwt1FA1GweQ4yaF3JOku9v72WNLvs5rEq,20240127,いわき平,5,G3,Ｓ級選抜,1,1,保科　千春,7,2,1,6,2024/01/27 07:01&nbsp;更新
4y6dPhGvcrSladdkbHuti3dkp8eYt5QkKzoZFXBpoj49-CycLo-npbQogJ4VZ8zh,20240127,いわき平,6,G3,Ｓ級選抜,1,1,真船圭一郎,3,1,1,8,2024/01/27 07:01&nbsp;更新
4y6dPhGvcrSladdkbHuti7e7IiT7rsh7eusmPvDyAMA4JRuJZ9EGlTTpZaZP8Vk1,20240127,いわき平,7,G3,Ｓ級特選,1,1,平沼　由充,7,1,6,4,2024/01/27 07:01&nbsp;更新
4y6dPhGvcrSladdkbHuti4DmHo8Jf2PPK3wWyWE-LhdLSAE8wB9Qqi52dVRABHFU,20240127,いわき平,8,G3,Ｓ級特選,1,1,三澤　康人,1,7,3,"5,9",2024/01/27 07:01&nbsp;更新
4y6dPhGvcrSladdkbHuti7nmF-LSMQ4OlVobgvYAr0FFDfrA_5l9ruqL9cYDI_Wq,20240127,いわき平,9,G3,Ｓ級特選,1,1,齋藤登志信,2,5,5,8,2024/01/27 07:01&nbsp;更新
4y6dPhGvcrSladdkbHutiywHE2iR_buHhdo_k2zHR62vNaBOD2E580rSfze2Tq3c,20240127,いわき平,10,G3,Ｓ級準決勝,1,1,真船圭一郎,7,2,9,2,2024/01/27 07:01&nbsp;更新
4y6dPhGvcrSladdkbHuti4MV4--kQHFNRC9DvaKIrA_htas9RW2mL8t8qYWD3Zy0,20240127,いわき平,11,G3,Ｓ級準決勝,1,1,保科　千春,2,1,6,3,2024/01/27 07:01&nbsp;更新
4y6dPhGvcrSladdkbHuti_so8Sf2lSGMN3D9B6zmX2qvSud94mQBm7XJC4dOSCoA,20240127,いわき平,12,G3,Ｓ級準決勝,1,1,平沼　由充,5,1,"1,6",,2024/01/27 07:01&nbsp;更新
qW-ZPX5Na0y9CaoMyhsv45Fl1qvlwRbjHOcGMZUE0pzXDPkRLDLY_KBzhRo0YUlY,20240127,岐阜,1,F1,Ａ級一般,1,1,山田　雅之,4,1,6,4,2024/01/27 07:01&nbsp;更新
qW-ZPX5Na0y9CaoMyhsv4zxjk5QeoejPX0V4uuWGc7wQ3RV7IXuGq7mqK6UJg52m,20240127,岐阜,2,F1,Ａ級一般,1,1,不破　将登,4,7,1,4,2024/01/27 07:01&nbsp;更新
qW-ZPX5Na0y9CaoMyhsv48L2f2kG9SgC41FBxVPj7FyaejMOrtGubkg3yPL6-b9K,20240127,岐阜,3,F1,Ａ級特選,1,1,長屋　秀明,5,2,5,4,2024/01/27 07:01&nbsp;更新
qW-ZPX5Na0y9CaoMyhsv4zxefdFpU_29JUD8b_zqVRQpM37xMdJX2r6z5Cz-xVoo,20240127,岐阜,4,F1,Ａ級特選,1,1,山田　雅之,1,2,4,6,2024/01/27 07:01&nbsp;更新
qW-ZPX5Na0y9CaoMyhsv4zN4ncFUbXEjlBOymgTTauner9ZtTR0nK1IB-Da_ZJNZ,20240127,岐阜,5,F1,Ｌ級ガールズ一般,1,1,山田　純也,3,4,,,2024/01/27 10:57&nbsp;更新
qW-ZPX5Na0y9CaoMyhsv499iyE4BBE_XjLPqPNlv3_XWFfgTuulDiBNE1_64hLpo,20240127,岐阜,6,F1,Ｓ級一般,1,1,不破　将登,3,1,5,1,2024/01/27 07:01&nbsp;更新
qW-ZPX5Na0y9CaoMyhsv4yvWd1fLnn122U1wDBW_l-BlO2i5AJqzjCuc2VGD5xZa,20240127,岐阜,7,F1,Ｓ級一般,1,1,原　真司,5,4,1,3,2024/01/27 07:01&nbsp;更新
qW-ZPX5Na0y9CaoMyhsv48Y4evChCLA9Imz5eLzF3_0l1hOD5axuyrd3vlZLPJzo,20240127,岐阜,8,F1,Ｓ級特選,1,1,長屋　秀明,5,4,2,6,2024/01/27 07:01&nbsp;更新
qW-ZPX5Na0y9CaoMyhsv46cmSrkrCzpWw1AcNvPp-BdMysJ_CXQNX7vSpEGxsR0l,20240127,岐阜,9,F1,Ｓ級特選,1,1,山田　雅之,5,7,1,2,2024/01/27 07:01&nbsp;更新
qW-ZPX5Na0y9CaoMyhsv4-S9bhb5Ys2ga1SlDgCMr8OMKqLnILSAn-Vg-kiBGCoJ,20240127,岐阜,10,F1,Ａ級決勝,1,1,不破　将登,5,1,4,3,2024/01/27 07:01&nbsp;更新
qW-ZPX5Na0y9CaoMyhsv42pAIpsZu7upVFVOVGfWPRmcezTkAF2SDTW2iMh-oJKy,20240127,岐阜,11,F1,Ｌ級ガールズ決勝,1,1,山田　純也,2,4,"6,7",,2024/01/27 07:01&nbsp;更新
qW-ZPX5Na0y9CaoMyhsv46Zj1G0Pf4hkCQdLtZR1R4CJRMAnMs55brwOBNn7g5Sy,20240127,岐阜,12,F1,Ｓ級決勝,1,1,原　真司,7,2,7,2,2024/01/27 07:01&nbsp;更新
dTawFXGT895LEmEj4dpxjpjqKlAdDv5eW5ThfuZsLyK6X0AplBVbLLxCVb57karN,20240127,久留米,1,F1,Ａ級一般,1,1,楢原　由将,2,5,2,1,2024/01/27 07:01&nbsp;更新
dTawFXGT895LEmEj4dpxjuJ1V8zNbcEB1AqSv4dUewb3QOnagoyCW3PkrUE1Ha_J,20240127,久留米,2,F1,Ａ級一般,1,1,竹内　真一,3,7,3,5,2024/01/27 07:01&nbsp;更新
dTawFXGT895LEmEj4dpxjvyeghFDbgmPDETwy-wm9D0lQnDjJbhACgQovTAbo2ZO,20240127,久留米,3,F1,Ａ級準決勝,1,1,吉良　勝信,3,5,3,5,2024/01/27 07:01&nbsp;更新
dTawFXGT895LEmEj4dpxjjbK5NDbrIre1ZIlLor2UtEIKWj0ZpUeyLxnC9Z5Ryn0,20240127,久留米,4,F1,Ａ級準決勝,1,1,梶山裕次郎,7,1,7,4,2024/01/27 07:01&nbsp;更新
dTawFXGT895LEmEj4dpxjlfHy87k46k4Hf62xsfEjWIhKhDwfos2wSkNEQniFgJl,20240127,久留米,5,F1,Ａ級準決勝,1,1,楢原　由将,1,2,7,3,2024/01/27 07:01&nbsp;更新
dTawFXGT895LEmEj4dpxju_qwyHIFhlnaQZDaCL4K7eTH2iC54dMaskFXVQTws3d,20240127,久留米,6,F1,Ｓ級一般,1,1,竹内　真一,3,7,5,,2024/01/27 07:01&nbsp;更新
dTawFXGT895LEmEj4dpxjntmk6ndnDoQfG1T0abHXF0-AGFyjcT66JT0Wc4zoxlQ,20240127,久留米,7,F1,Ｓ級一般,1,1,梶山裕次郎,4,7,4,3,2024/01/27 07:01&nbsp;更新
dTawFXGT895LEmEj4dpxjk22BTv5TRfLGtp_m5kc33JH47G-TTroR6tH0eN_wcMe,20240127,久留米,8,F1,Ｓ級選抜,1,1,高木　和仁,5,2,3,2,2024/01/27 07:01&nbsp;更新
dTawFXGT895LEmEj4dpxjko_DhaiR6wkVE6a21ICrlyfJHBPSDTib-d131i7wzpO,20240127,久留米,9,F1,Ｓ級選抜,1,1,竹内　真一,1,5,6,"1,4",2024/01/27 07:01&nbsp;更新
dTawFXGT895LEmEj4dpxjloM0y888joieOOwZVi7qp9S4gLss6RjrW9xcBM8ZHKo,20240127,久留米,10,F1,Ｓ級準決勝,1,1,吉良　勝信,4,1,2,"1,5",2024/01/27 07:01&nbsp;更新
dTawFXGT895LEmEj4dpxjlqyFODZn8bTKTLp54QcPcL5WPS9l2JJNw_FJQk5iXw-,20240127,久留米,11,F1,Ｓ級準決勝,1,1,梶山裕次郎,2,5,7,5,2024/01/27 07:01&nbsp;更新
dTawFXGT895LEmEj4dpxjjRzZzvLsxC1wKPPahq27H5p5vuCoeSyiFXo4We6kRTU,20240127,久留米,12,F1,Ｓ級準決勝,1,1,高木　和仁,1,7,7,6,2024/01/27 07:01&nbsp;更新
6WBVJpA-uKT9ycVIuSeDZpONQXu5ykAQ0uWbysRk9kNycNugYdceHSYsdtnH5bhS,20240127,西武園,1,F2,Ａ級チャレンジ予選,1,1,安部　達也,4,5,"2,5",,2024/01/27 07:01&nbsp;更新
6WBVJpA-uKT9ycVIuSeDZsEzaQEY_EYwyM-0Ij2zCZc2T5xwMgmOLNx_ngBPoQ5R,20240127,西武園,2,F2,Ａ級チャレンジ予選,1,1,相川　永伍,4,1,7,1,2024/01/27 07:01&nbsp;更新
6WBVJpA-uKT9ycVIuSeDZiOQ9ClFbH2uwgfqRVQMzS3O7r2KwXEqrppVV1cOusKG,20240127,西武園,3,F2,Ａ級チャレンジ予選,1,1,小沼　良,1,2,7,1,2024/01/27 07:01&nbsp;更新
6WBVJpA-uKT9ycVIuSeDZvIqF9LIQ4vB64ZBHJjc3GnMdR4Y-wAhriD_9E0l4j6K,20240127,西武園,4,F2,Ａ級チャレンジ予選,1,1,神田　宏行,4,3,1,3,2024/01/27 07:01&nbsp;更新
6WBVJpA-uKT9ycVIuSeDZs0kvNBij563DVAbsFbMhA-VBVCycSQqsPlkcZYqaN1W,20240127,西武園,5,F2,Ａ級チャレンジ予選,1,1,安部　達也,5,2,5,6,2024/01/27 07:01&nbsp;更新
6WBVJpA-uKT9ycVIuSeDZsCmfvIIQjacDsOJIWG15v_ApLWnEjEDvaNa6_YQfbpz,20240127,西武園,6,F2,Ａ級チャレンジ予選,1,1,相川　永伍,3,7,7,6,2024/01/27 07:01&nbsp;更新
6WBVJpA-uKT9ycVIuSeDZnJpwqcmyImZle9NXL1g06cRmWzL6Ev51P-CfEdXbzN9,20240127,西武園,7,F2,Ａ級チャレンジ予選,1,1,小沼　良,1,7,1,5,2024/01/27 07:01&nbsp;更新
qB0b7MkHtkbTo5CbxWit476kq-OKjPf-OUsCSKY_fYlZxGNVAggTV9MlakchyIUC,20240127,川崎,1,F2,Ａ級チャレンジ一般,1,1,永山　英司,1,3,1,,2024/01/27 07:01&nbsp;更新
qB0b7MkHtkbTo5CbxWit4wGKCr1r-_mMyQYry_TlxkxouA_cgcTPDeVluDfrKaLB,20240127,川崎,2,F2,Ａ級チャレンジ一般,1,1,鈴木　広人,5,2,5,2,2024/01/27 07:01&nbsp;更新
qB0b7MkHtkbTo5CbxWit4wS8npfsFU6L_Wg75ECTusot_Lpx_eUKr6zc2qadf3XW,20240127,川崎,3,F2,Ａ級チャレンジ準決勝,1,1,齊藤　竜也,2,7,6,5,2024/01/27 07:01&nbsp;更新
qB0b7MkHtkbTo5CbxWit4wq_B9DqeYEbs_zvpvotptq0jDvsVLk-4CczvYeAobkF,20240127,川崎,4,F2,Ａ級チャレンジ準決勝,1,1,永山　英司,7,4,6,"3,7",2024/01/27 07:01&nbsp;更新
qB0b7MkHtkbTo5CbxWit4z3EaZ0GPIuJtA2U-meGixlt8Hdj1xWW107NohSMz54d,20240127,川崎,5,F2,Ａ級チャレンジ準決勝,1,1,勝瀬　卓也,5,4,5,2,2024/01/27 07:01&nbsp;更新
qB0b7MkHtkbTo5CbxWit4wH6zp8D5paupwm5dnK525uE8RJi2nfKdlOk3nLfm_TL,20240127,川崎,6,F2,Ｌ級ガールズ予選（第２走）,1,1,鈴木　広人,2,3,5,2,2024/01/27 07:01&nbsp;更新
qB0b7MkHtkbTo5CbxWit43f9tt4GbJAUajO_Lr4SBGuZjUjUznqSvQ8Jrw5tdHOP,20240127,川崎,7,F2,Ｌ級ガールズ予選（第２走）,1,1,永山　英司,4,3,"3,4",,2024/01/27 07:01&nbsp;更新
qB0b7MkHtkbTo5CbxWit4_5Jjo-mz0SrYUQ5DVIYtQNVKBgqt3DRIepQCqJ9MxIy,20240127,川崎,8,F2,Ａ級特一般,1,1,齊藤　竜也,7,3,3,1,2024/01/27 07:01&nbsp;更新
qB0b7MkHtkbTo5CbxWit47Uj3NjRRHvcOT4v997iC5yA9NNTZSPop_kYZoUbUED0,20240127,川崎,9,F2,Ａ級特一般,1,1,福田　知也,4,2,1,"3,5",2024/01/27 07:01&nbsp;更新
qB0b7MkHtkbTo5CbxWit46Wf8jH6yo1ViBhduFk1b5zwrP-NVexYvf2kCWqzRAQ5,20240127,川崎,10,F2,Ａ級準決勝,1,1,勝瀬　卓也,5,4,2,3,2024/01/27 07:01&nbsp;更新
qB0b7MkHtkbTo5CbxWit45KHeUnmsh6I7nmBtJofdxtuudUWlUPJZLGTKGpxfGSL,20240127,川崎,11,F2,Ａ級準決勝,1,1,齊藤　竜也,1,2,3,4,2024/01/27 07:01&nbsp;更新
qB0b7MkHtkbTo5CbxWit4xK5KVOdjHu0rdHnchtqc4Y0QRb88_St9xk67SyMgw4s,20240127,川崎,12,F2,Ａ級準決勝,1,1,福田　知也,4,1,3,"1,2",2024/01/27 07:01&nbsp;更新
lrrgkIOCNWMkGpMAgnwNNukdvVGVReuXmtwN0eSjnrQi4hJJHGAYMaTHQlnm4UnQ,20240127,奈良,1,F2,Ａ級チャレンジ一般,1,1,辰己　豊,1,2,3,1,2024/01/27 12:18&nbsp;更新
lrrgkIOCNWMkGpMAgnwNNhCPNSpkHMrdtxcXXe-qtkCtqCVhD4vEX_24G5zYG1Oa,20240127,奈良,2,F2,Ａ級チャレンジ一般,1,1,河元　茂,1,2,5,4,2024/01/27 12:18&nbsp;更新
lrrgkIOCNWMkGpMAgnwNNk8GTFm3gjt8yvCrh357q3-x2SUOk5BWqoByebFQoNTJ,20240127,奈良,3,F2,Ａ級チャレンジ選抜,1,1,佐山　寛明,1,2,6,7,2024/01/27 20:01&nbsp;更新
lrrgkIOCNWMkGpMAgnwNNpUnUM_oqRdc-ptcimMpMu684J-LqVLClD34L3nX_Tpf,20240127,奈良,4,F2,Ａ級特一般,1,1,吉堂　将規,1,2,5,1,2024/01/27 12:18&nbsp;更新
lrrgkIOCNWMkGpMAgnwNNhLzsdrpL6Qy8COzut5_ViKhVELKKPrXkTJ_xKqXfS3D,20240127,奈良,5,F2,Ａ級特一般,1,1,辰己　豊,1,2,3,2,2024/01/27 12:18&nbsp;更新
lrrgkIOCNWMkGpMAgnwNNlR_aUcso3g8ByMIan7-n1b-AizZhpkywd4Th_cyBJhW,20240127,奈良,6,F2,Ａ級特選,1,1,河元　茂,1,2,6,5,2024/01/27 12:18&nbsp;更新
lrrgkIOCNWMkGpMAgnwNNtdquXCq36LHQql3DeBkxxwv1Q0iqLDuTa2wuLV08WJ3,20240127,奈良,7,F2,Ａ級特選,1,1,佐山　寛明,1,2,2,1,2024/01/27 12:18&nbsp;更新
lrrgkIOCNWMkGpMAgnwNNvQhOcX3VohH38lZlxldQUz6KhCkvX3IgcUFOYgZtQy4,20240127,奈良,8,F2,Ａ級チャレンジ決勝,1,1,吉堂　将規,1,2,5,3,2024/01/27 12:18&nbsp;更新
lrrgkIOCNWMkGpMAgnwNNgJh_bpJ7oEksxddFzdZsrPooPow5f9PWfiURyCjXcfF,20240127,奈良,9,F2,Ａ級決勝,1,1,辰己　豊,1,2,7,5,2024/01/27 12:18&nbsp;更新
5JBLdC8cyCWI9sEL6PUbQtG9pmt0vTDVTAKvssJtlEsDAa_9w5EZiSiohUMJ70o4,20240127,高松,1,F2,Ａ級チャレンジ一般,1,1,木村　浩宣,1,2,5,,2024/01/27 12:29&nbsp;更新
5JBLdC8cyCWI9sEL6PUbQo-6-1-VV3qS2Ry5Pflv0g4B4gZfxRJ8e7vf005t_swp,20240127,高松,2,F2,Ａ級チャレンジ一般,1,1,船曳　義之,1,2,1,,2024/01/27 12:29&nbsp;更新
5JBLdC8cyCWI9sEL6PUbQp8NNaKxoTfDf-IsdKbaP41OhL1x6bKPl7oCAwSS7Gxl,20240127,高松,3,F2,Ａ級チャレンジ選抜,1,1,近藤　誠二,1,2,3,2,2024/01/27 12:29&nbsp;更新
5JBLdC8cyCWI9sEL6PUbQoQ_1_5xzAzLut74k_5i86pBQ84TJXnfu9pT6wjj44jw,20240127,高松,4,F2,Ａ級特一般,1,1,木村　浩宣,1,2,"4,5",,2024/01/27 12:29&nbsp;更新
5JBLdC8cyCWI9sEL6PUbQl6Xq_5k-ARyAgRSzATwtw6T8Jn-Dov9UIPNirMjHZzU,20240127,高松,5,F2,Ａ級特一般,1,1,船曳　義之,1,2,1,2,2024/01/27 12:29&nbsp;更新
5JBLdC8cyCWI9sEL6PUbQlvwTZGIB8RS1oH8NaTjJB2grCUPBYjqCOBrz617AbIg,20240127,高松,6,F2,Ａ級特選,1,1,児玉慎一郎,1,2,3,"1,4",2024/01/27 12:29&nbsp;更新
5JBLdC8cyCWI9sEL6PUbQuQhUX-VZEsK-OtnzOT4HCeqZuNetFNyEO0zEIvztbmX,20240127,高松,7,F2,Ａ級特選,1,1,木村　浩宣,1,2,2,6,2024/01/27 12:29&nbsp;更新
5JBLdC8cyCWI9sEL6PUbQuFKaGUZszqKjzAxdVV3pbskz584o23ppeqVtuuRg_gi,20240127,高松,8,F2,Ａ級チャレンジ決勝,1,1,近藤　誠二,1,2,2,4,2024/01/27 12:29&nbsp;更新
5JBLdC8cyCWI9sEL6PUbQl1b6ze4NPL_lRXZ1OnT9cmOisVl-llYuhkqyCicjvAX,20240127,高松,9,F2,Ａ級決勝,1,1,児玉慎一郎,1,2,6,1,2024/01/27 12:29&nbsp;更新
4y6dPhGvcrSladdkbHutixwkTy6-Fg4I_vTdhROZxZ7py3xxWdXzR1Ts_85rxiIG,20240128,いわき平,1,G3,Ｓ級一般,1,1,平沼　由充,2,5,7,5,2024/01/28 07:02&nbsp;更新
4y6dPhGvcrSladdkbHuti06ihcC2dApe1oMGzVo2-8SrdYzF1cLNBk-oJsH7ngmA,20240128,いわき平,2,G3,Ｓ級一般,1,1,三澤　康人,1,2,2,"4,6",2024/01/28 07:02&nbsp;更新
4y6dPhGvcrSladdkbHuti_hk9638L3eA81WNcLupmQfT68KxSXSJddTmFHgC0zMD,20240128,いわき平,3,G3,Ｓ級一般,1,1,真船圭一郎,5,1,6,"1,5",2024/01/28 07:02&nbsp;更新
4y6dPhGvcrSladdkbHutiy_RjHcY4a2myWR-Ht_0TUIBVEc76xh52ZwRiPNEZMmm,20240128,いわき平,4,G3,Ｓ級選抜,1,1,齋藤登志信,5,1,9,2,2024/01/28 07:02&nbsp;更新
4y6dPhGvcrSladdkbHuti0bRTrm9XMzqY45sY9vJpV6Jq023Vc-dzNetRgeXk-Vr,20240128,いわき平,5,G3,Ｓ級選抜,1,1,平沼　由充,2,5,6,1,2024/01/28 07:02&nbsp;更新
4y6dPhGvcrSladdkbHutiwqWa6aIQO_vQgXAL5Qivz6_bm5OjjKhvKbJNAKLqcOv,20240128,いわき平,6,G3,Ｓ級選抜,1,1,保科　千春,7,2,8,7,2024/01/28 07:02&nbsp;更新
4y6dPhGvcrSladdkbHuti4SvjBxh3eXXXt0F2MKhWhVzKAia6dKQO1X5g9HNyE6W,20240128,いわき平,7,G3,Ｓ級特選,1,1,齋藤登志信,2,9,5,7,2024/01/28 07:02&nbsp;更新
4y6dPhGvcrSladdkbHutixyGWq6j9jXxR87IFxWkGQuraMj2Agfym0oH6mTYdjsx,20240128,いわき平,8,G3,Ｓ級特選,1,1,三澤　康人,3,5,5,8,2024/01/28 07:02&nbsp;更新
4y6dPhGvcrSladdkbHutixEsDYI3fVRbyVQtUdsDJjf93cgX6BF9iY09kqHn5Ryl,20240128,いわき平,9,G3,Ｓ級特選,1,1,平沼　由充,1,7,6,"2,3",2024/01/28 07:02&nbsp;更新
4y6dPhGvcrSladdkbHuti6Api8lwtSR5SI5n_Oz5cVL6ObJsTW-sZoTjUlxJQKs0,20240128,いわき平,10,G3,Ｓ級特別優秀,1,1,真船圭一郎,1,9,9,7,2024/01/28 07:02&nbsp;更新
4y6dPhGvcrSladdkbHuti-W1PMsAZ60PAAVc5J7BT96PbXTP1-4BXc8UupDIAgZQ,20240128,いわき平,11,G3,Ｓ級特別優秀,1,1,齋藤登志信,1,2,8,7,2024/01/28 07:02&nbsp;更新
4y6dPhGvcrSladdkbHuti-2tdYG9YPem_1PMb5jDaH3DDwjwDu56UtHDZIw42Tjo,20240128,いわき平,12,G3,Ｓ級決勝,1,1,保科　千春,9,5,"1,5",,2024/01/28 07:02&nbsp;更新
4YDG_8c_ujN7jm5c2eSyjVkzt5aTgwWas0qmvr19RTUR8DLShQRQh11d7FLjMqQt,20240128,名古屋,1,F1,Ａ級予選,1,1,水谷　将司,4,1,5,"3,6",2024/01/28 07:02&nbsp;更新
4YDG_8c_ujN7jm5c2eSyjQTQ0BiKIEMc6Ol7sZaP9dHjhYjmU7YLV7yL_HSceE4H,20240128,名古屋,2,F1,Ａ級予選,1,1,臼井　昌巨,2,1,3,2,2024/01/28 07:02&nbsp;更新
4YDG_8c_ujN7jm5c2eSyjQ4zIIiJO0Khy5dtof_DoMXoosUxVXEqcT5rKJaic66k,20240128,名古屋,3,F1,Ａ級予選,1,1,清水　広幸,4,1,1,2,2024/01/28 07:02&nbsp;更新
4YDG_8c_ujN7jm5c2eSyjQw_DdEWQQhyjv9NhegaMhfl7Cs1GOourXvBoARJrn7q,20240128,名古屋,4,F1,Ａ級予選,1,1,小川　将人,5,7,5,1,2024/01/28 07:02&nbsp;更新
4YDG_8c_ujN7jm5c2eSyjRA0O4JfL35oeIVfRQ3PD-3QC58HNF9iIoox44hH1Bxw,20240128,名古屋,5,F1,Ａ級初日特選,1,1,水谷　将司,3,2,4,5,2024/01/28 07:02&nbsp;更新
4YDG_8c_ujN7jm5c2eSyjQPelZ93oFvP_f4_Aa46okYR4J2t1C_VCEwNJLNH7k2P,20240128,名古屋,6,F1,Ｓ級予選,1,1,朝日　勇,1,5,3,"1,5,7",2024/01/28 07:02&nbsp;更新
4YDG_8c_ujN7jm5c2eSyjRNPun04U7gXzS1JlXPAgBWA-pO3TQVAJro47jNdB4fm,20240128,名古屋,7,F1,Ｓ級予選,1,1,清水　広幸,1,5,3,4,2024/01/28 07:02&nbsp;更新
4YDG_8c_ujN7jm5c2eSyjcKKpe6gVnjk1owX7g8PPOK_-kZ79TyJIkRDPTtMLA8k,20240128,名古屋,8,F1,Ｓ級予選,1,1,小川　将人,4,3,1,4,2024/01/28 07:02&nbsp;更新
4YDG_8c_ujN7jm5c2eSyjU5FBspIV98mCeu-UG1VTP1pOp4xnxXlc54Osz5tbpTs,20240128,名古屋,9,F1,Ｓ級予選,1,1,臼井　昌巨,3,7,1,7,2024/01/28 07:02&nbsp;更新
4YDG_8c_ujN7jm5c2eSyjeq4OVuqQ2FtJh-z4JeTe2t0e_KVSgZaJ7omZQUyB1fO,20240128,名古屋,10,F1,Ｓ級予選,1,1,朝日　勇,1,7,7,4,2024/01/28 07:02&nbsp;更新
4YDG_8c_ujN7jm5c2eSyjfDEDqlDN7GKsIYhQbDkTGFDpIlmuKD-gV3qquTEr2kI,20240128,名古屋,11,F1,Ｓ級予選,1,1,清水　広幸,5,2,5,1,2024/01/28 07:02&nbsp;更新
4YDG_8c_ujN7jm5c2eSyjV2MvtpDAcTFy9_7m6RIsm7tHV8UB-goqXkTWjQFtjCx,20240128,名古屋,12,F1,Ｓ級初日特選,1,1,小川　将人,1,5,5,3,2024/01/28 12:35&nbsp;更新
dTawFXGT895LEmEj4dpxjn9q-Q8f0oef2lI2ZI5Z3ZfLvwJ0_1yHX7GB4RdkKR5z,20240128,久留米,1,F1,Ａ級一般,1,1,楢原　由将,5,2,"5,7",,2024/01/28 07:02&nbsp;更新
dTawFXGT895LEmEj4dpxjgtNAQagHeEoAJ2bMCTyuR5wXSN-jod3iAs0MKMVB62j,20240128,久留米,2,F1,Ａ級一般,1,1,竹内　真一,2,1,2,,2024/01/28 07:02&nbsp;更新
dTawFXGT895LEmEj4dpxjvuXN1lJy4-I6QwC3n-IxcrtMAmFlDSxcHwMpdilLmAK,20240128,久留米,3,F1,Ａ級特選,1,1,吉良　勝信,3,7,5,7,2024/01/28 07:02&nbsp;更新
dTawFXGT895LEmEj4dpxjvNw0ArX11W6GJji0s2Zq6eB_gYUFZEyZ3MB_E5zu95z,20240128,久留米,4,F1,Ａ級特選,1,1,楢原　由将,2,4,1,6,2024/01/28 07:02&nbsp;更新
dTawFXGT895LEmEj4dpxjprfoFpoDhbQivxuu59I2JS-Uw1Vw9PMqCV1F7HHReSh,20240128,久留米,5,F1,Ｓ級一般,1,1,高木　和仁,7,3,7,1,2024/01/28 07:02&nbsp;更新
dTawFXGT895LEmEj4dpxjmwqzorbNZQto8rh_CoPCXDWUX8zUODJ2tgShh9dDnRH,20240128,久留米,6,F1,Ｓ級一般,1,1,梶山裕次郎,1,5,7,5,2024/01/28 07:02&nbsp;更新
dTawFXGT895LEmEj4dpxjrVNxrXTepsx0cmLD35QnuoXKdBVVUnTVHPLW6hqEziC,20240128,久留米,7,F1,Ｓ級一般,1,1,竹内　真一,2,5,7,,2024/01/28 07:02&nbsp;更新
dTawFXGT895LEmEj4dpxjnEDFevUR2j1_ZzS28FfVp7fZ6UbsUZWtFPOeeUzRhHI,20240128,久留米,8,F1,Ｓ級特選,1,1,高木　和仁,3,5,3,1,2024/01/28 07:02&nbsp;更新
dTawFXGT895LEmEj4dpxjvpRfI9tv7F-uP-9iNgxTwDJ-L4V9NpstJ1f7Y9z8wdu,20240128,久留米,9,F1,Ｓ級特選,1,1,吉良　勝信,5,4,5,2,2024/01/28 07:02&nbsp;更新
dTawFXGT895LEmEj4dpxjplm6F8NPlqDMC-uoPa3LpkFFmfppr7Y2EGO4iye8DXX,20240128,久留米,10,F1,Ｓ級特選,1,1,梶山裕次郎,1,2,"1,5",,2024/01/28 07:02&nbsp;更新
dTawFXGT895LEmEj4dpxjmRhG5aSmBFv5h8WzsaGQBJHozn0nD7G6MaJYDZUzoJ6,20240128,久留米,11,F1,Ａ級決勝,1,1,楢原　由将,4,1,2,4,2024/01/28 07:02&nbsp;更新
dTawFXGT895LEmEj4dpxjiM7IUiu-jxGOTSePu8T1lDZChwyLTNjkQWl-402kM4H,20240128,久留米,12,F1,Ｓ級決勝,1,1,高木　和仁,2,4,1,3,2024/01/28 07:02&nbsp;更新
ZHNqMDrv_PhK_RMqwDdB9oSaVnxSPhPUsbmJ99BS7pYv_fN4gsgrXz08Kz0I9SEj,20240128,取手,1,F2,Ａ級チャレンジ予選,1,1,薮田　貴幸,5,3,2,1,2024/01/28 07:02&nbsp;更新
ZHNqMDrv_PhK_RMqwDdB9rFfY81seYwsdKPpItt5BvDCO1gjqFwyx6VLf_juqTEv,20240128,取手,2,F2,Ａ級チャレンジ予選,1,1,野間　司,7,2,1,6,2024/01/28 07:02&nbsp;更新
ZHNqMDrv_PhK_RMqwDdB9gJN_SS1JWq_lgpltW9i_VaKYXmRz8RLHd6g6nSZVVbh,20240128,取手,3,F2,Ａ級チャレンジ予選,1,1,薮田　貴幸,3,5,2,5,2024/01/28 07:02&nbsp;更新
ZHNqMDrv_PhK_RMqwDdB9uEeYLR2h2oRxKsTq9INDsKlbXdTfv107H46QUNQNkWa,20240128,取手,4,F2,Ａ級チャレンジ予選,1,1,野間　司,1,4,4,2,2024/01/28 07:02&nbsp;更新
ZHNqMDrv_PhK_RMqwDdB9gx94roRorP366PWJl4ZhFNAP2-9tJ5803wOl5D9NGnB,20240128,取手,5,F2,Ａ級チャレンジ予選,1,1,吉田　昌司,1,7,1,6,2024/01/28 09:28&nbsp;更新
ZHNqMDrv_PhK_RMqwDdB9jh5rvXSu1lKioIQh2K8DrK48NxsBNeezmybzKJ3gZuz,20240128,取手,6,F2,Ｌ級ガールズ予選（第１走）,1,1,薮田　貴幸,4,3,"2,7",,2024/01/28 07:02&nbsp;更新
ZHNqMDrv_PhK_RMqwDdB9qWs8Qi1EeK1wWakg-u4oZ4ccfSKj64mLPKlilAD8jUm,20240128,取手,7,F2,Ｌ級ガールズ予選（第１走）,1,1,野間　司,3,4,1,4,2024/01/28 07:02&nbsp;更新
ZHNqMDrv_PhK_RMqwDdB9kfYQ-6UDDzvruQoP0So48GexUFySuDWMogMCyw_Z5Vs,20240128,取手,8,F2,Ａ級特予選,1,1,朝倉　智仁,7,4,5,3,2024/01/28 07:02&nbsp;更新
ZHNqMDrv_PhK_RMqwDdB9u571WYVuZLsuQbpkh0BhwtG1cF9GfnwcVJLqsIUpKYg,20240128,取手,9,F2,Ａ級特予選,1,1,河野　通孝,3,4,3,"1,4",2024/01/28 07:02&nbsp;更新
ZHNqMDrv_PhK_RMqwDdB9r96qPFK13P5qkgcadV4oB0CNPxgyE3RHpabd5Qw9V9R,20240128,取手,10,F2,Ａ級特予選,1,1,吉田　昌司,7,2,7,6,2024/01/28 07:02&nbsp;更新
ZHNqMDrv_PhK_RMqwDdB9u8nCavMs2ePyTQpgYnEAGWFMfHIMwW6Sc-6u8S0Nie-,20240128,取手,11,F2,Ａ級特予選,1,1,朝倉　智仁,2,1,2,4,2024/01/28 07:02&nbsp;更新
ZHNqMDrv_PhK_RMqwDdB9jJ_K3UWsyiSisx_zth2pJU7HQliFi97tuk1S9f9jiut,20240128,取手,12,F2,Ａ級初日特選,1,1,河野　通孝,5,1,5,7,2024/01/28 07:02&nbsp;更新
6WBVJpA-uKT9ycVIuSeDZpSFedkfSOifk5HHhI77il0yuOVcDsrQchakfp_EGbyf,20240128,西武園,1,F2,Ａ級チャレンジ一般,1,1,神田　宏行,7,5,"1,3",,2024/01/28 07:02&nbsp;更新
6WBVJpA-uKT9ycVIuSeDZvK6yMiyhRYjxfbjirChZQnC0hGfdlURGJtHsnA5NYbp,20240128,西武園,2,F2,Ａ級チャレンジ一般,1,1,相川　永伍,5,7,3,"1,2",2024/01/28 07:02&nbsp;更新
6WBVJpA-uKT9ycVIuSeDZtT142i_2eemLvbGyLR8HvjvaOJTj42WVQzonhZcU4pi,20240128,西武園,3,F2,Ａ級チャレンジ選抜,1,1,小沼　良,4,1,3,2,2024/01/28 07:02&nbsp;更新
6WBVJpA-uKT9ycVIuSeDZse4fxNFzcV5RMb-Pc1N5POEm0LlyDmlVKG9A7fH_tTH,20240128,西武園,4,F2,Ａ級チャレンジ選抜,1,1,神田　宏行,1,3,1,2,2024/01/28 07:02&nbsp;更新
6WBVJpA-uKT9ycVIuSeDZnU8ZrsagBp0rd2APHnBcqbtAkbSWka_SYDD7XIHDwFZ,20240128,西武園,5,F2,Ａ級チャレンジ準決勝,1,1,安部　達也,2,1,1,7,2024/01/28 07:02&nbsp;更新
6WBVJpA-uKT9ycVIuSeDZpPVzaVlPoqV9sNMwWruac_icz9Xvkp5j-QMUvVbO7zT,20240128,西武園,6,F2,Ａ級チャレンジ準決勝,1,1,相川　永伍,2,3,5,3,2024/01/28 07:02&nbsp;更新
6WBVJpA-uKT9ycVIuSeDZg42cfHNDMUfOnzTX_sU9fCwlD-yz0bamBcD4iLHQrUG,20240128,西武園,7,F2,Ａ級チャレンジ準決勝,1,1,小沼　良,2,1,4,2,2024/01/28 07:02&nbsp;更新
wWGgXEq2uuee3jKNfyXvkEft_YYgWkPBQ2Y_4xKO_p-RqF76XUbgO-Jvr8jcn5VP,20240128,松戸,1,F2,Ｌ級ガールズ予選（第１走）,1,1,成清　貴之,1,2,2,3,2024/01/28 07:02&nbsp;更新
wWGgXEq2uuee3jKNfyXvkHL6AnJSteLRB0ed_mbtFVyNrQ948RZP5LqJc96poGds,20240128,松戸,2,F2,Ｌ級ガールズ予選（第１走）,1,1,江本　博明,1,2,2,"1,4",2024/01/28 07:02&nbsp;更新
wWGgXEq2uuee3jKNfyXvkMC8tSnXn3wR50Z7kTnnMpd7WH1HJr7lyE8MMre2i96K,20240128,松戸,3,F2,Ａ級予選,1,1,栗本　尚宗,1,2,7,4,2024/01/28 07:02&nbsp;更新
wWGgXEq2uuee3jKNfyXvkGRqn_Or3E_lsOSHK96w5Y30_fu126Hsr75C-enlb7Pe,20240128,松戸,4,F2,Ａ級予選,1,1,齋藤　宗徳,1,2,4,3,2024/01/28 07:02&nbsp;更新
wWGgXEq2uuee3jKNfyXvkE9W1BuejB3KRjZXE9I3hl9KyYHkj5_cLtKFqlpzqHVg,20240128,松戸,5,F2,Ａ級予選,1,1,成清　貴之,1,2,5,3,2024/01/28 07:02&nbsp;更新
wWGgXEq2uuee3jKNfyXvkMfgMLS4Ei2coExYjr_A_9kph2rFubNlprjr9cvxZ7fP,20240128,松戸,6,F2,Ａ級予選,1,1,栗本　尚宗,1,2,3,4,2024/01/28 07:02&nbsp;更新
wWGgXEq2uuee3jKNfyXvkFQGJlDmgb7QqOkuk-7I3AR5IOI8yfZC6TS3pY4NUSSQ,20240128,松戸,7,F2,Ａ級予選,1,1,齋藤　宗徳,1,2,3,7,2024/01/28 07:02&nbsp;更新
wWGgXEq2uuee3jKNfyXvkNzWN4HKw6X1fRWlz6u9Ubp7sSp7T3C_6na4wLdSn8vL,20240128,松戸,8,F2,Ａ級予選,1,1,江本　博明,1,2,6,5,2024/01/28 07:02&nbsp;更新
wWGgXEq2uuee3jKNfyXvkDkFafPsnWJE-6rvK2-X6YdJUhTBEFvUizbpclTbxGXP,20240128,松戸,9,F2,Ａ級初日特選,1,1,栗本　尚宗,1,2,2,5,2024/01/28 07:02&nbsp;更新
qB0b7MkHtkbTo5CbxWit4ykelxPu9mv1cozawHrdle8841syKqsFfTPx8mmBUken,20240128,川崎,1,F2,Ａ級チャレンジ一般,1,1,勝瀬　卓也,4,2,2,5,2024/01/28 07:02&nbsp;更新
qB0b7MkHtkbTo5CbxWit4weBzEyC1Ste0vfuNCv504CSa-T0g69B1-X67qrP1cX-,20240128,川崎,2,F2,Ａ級チャレンジ一般,1,1,永山　英司,3,5,3,5,2024/01/28 07:02&nbsp;更新
qB0b7MkHtkbTo5CbxWit46TLg44T0mIyfPTcK0yFQcWY46nfjBtv7Uuophqcjtd9,20240128,川崎,3,F2,Ａ級チャレンジ選抜,1,1,齊藤　竜也,1,5,4,"1,5",2024/01/28 07:02&nbsp;更新
qB0b7MkHtkbTo5CbxWit4zFLOP1faULJEnnPGzFS6VRtnZyAllEjGrAz4pY868r0,20240128,川崎,4,F2,Ａ級チャレンジ選抜,1,1,勝瀬　卓也,1,3,1,"3,4",2024/01/28 07:02&nbsp;更新
qB0b7MkHtkbTo5CbxWit43yJSPBpYUBSbwYSTDLjU6U8qjrFGQ2YN9q99-071UqU,20240128,川崎,5,F2,Ｌ級ガールズ一般,1,1,福田　知也,6,4,2,,2024/01/28 07:02&nbsp;更新
qB0b7MkHtkbTo5CbxWit4_7CCHWzW-T8o1IFXWK93yPatOAuqkGZXy24S9MY5M7n,20240128,川崎,6,F2,Ａ級特一般,1,1,鈴木　広人,2,3,2,"1,4",2024/01/28 07:02&nbsp;更新
qB0b7MkHtkbTo5CbxWit42lV7PAk4MVG7UcAi9KINLScNdiWl6fyhNx4esUEjInv,20240128,川崎,7,F2,Ａ級特一般,1,1,永山　英司,5,4,"5,6",,2024/01/28 07:02&nbsp;更新
qB0b7MkHtkbTo5CbxWit44HFNa7XmVTwjHSg5t94Ukx9ZjnWI25JTqEABorxfaDn,20240128,川崎,8,F2,Ａ級チャレンジ決勝,1,1,勝瀬　卓也,2,3,2,6,2024/01/28 07:02&nbsp;更新
qB0b7MkHtkbTo5CbxWit47FzbOFUgvSTndhtjLrg3kn10MifXXiNUbZglNYo7yql,20240128,川崎,9,F2,Ａ級特選,1,1,福田　知也,5,1,5,3,2024/01/28 07:02&nbsp;更新
qB0b7MkHtkbTo5CbxWit42dwVkswr7FRr2FRinEEFAboKfxyE-3RzD2uyjflsbHj,20240128,川崎,10,F2,Ａ級特選,1,1,齊藤　竜也,4,3,2,"3,5",2024/01/28 07:02&nbsp;更新
qB0b7MkHtkbTo5CbxWit45fYFqDixfQ5egLBgX37rbpnyiMt2Is-yohrkzZPvuDT,20240128,川崎,11,F2,Ｌ級ガールズ決勝,1,1,鈴木　広人,7,2,1,"2,7",2024/01/28 07:02&nbsp;更新
qB0b7MkHtkbTo5CbxWit44s5Ad9EPl6LVQB14kVf9vwBC6jPY8ksINCKOM_ut79E,20240128,川崎,12,F2,Ａ級決勝,1,1,福田　知也,1,3,6,3,2024/01/28 07:02&nbsp;更新
w57HAKWIMSmn3TMso-iDiyKQmWum6kuq5-k0ng3n4cvoF2eQY9M7AG79nz8WX_qb,20240128,佐世保,1,F2,Ｌ級ガールズ予選（第１走）,1,1,秋山　貴宏,1,2,1,3,2024/01/28 07:02&nbsp;更新
w57HAKWIMSmn3TMso-iDi_Y0mAstYPz-ELLe8hED_ZcUXjmc-uxNx76B5J5PNZtA,20240128,佐世保,2,F2,Ｌ級ガールズ予選（第１走）,1,1,三槻　智清,1,2,2,1,2024/01/28 07:02&nbsp;更新
w57HAKWIMSmn3TMso-iDi50uBrvMH0bxY4inEAAnlDmqSn15eoGHRHA4k3RGvvJd,20240128,佐世保,3,F2,Ａ級予選,1,1,松尾　誠,1,2,4,7,2024/01/28 07:02&nbsp;更新
w57HAKWIMSmn3TMso-iDi_d-mCE_xxj3ZTJvvcDXG39X67c36b5dMeyjtsZx2SCJ,20240128,佐世保,4,F2,Ａ級予選,1,1,秋山　貴宏,1,2,4,3,2024/01/28 07:02&nbsp;更新
w57HAKWIMSmn3TMso-iDi0pFMrdPf8qisPv-hJztSalSbVkB0fmj2oEjzqh3alNl,20240128,佐世保,5,F2,Ａ級予選,1,1,後田　康成,1,2,2,4,2024/01/28 07:02&nbsp;更新
w57HAKWIMSmn3TMso-iDi4ij0_aU2hXKe_amq1tYdfx27JVJH6e19jEUqyNtU9Xi,20240128,佐世保,6,F2,Ａ級予選,1,1,三槻　智清,1,2,1,7,2024/01/28 07:02&nbsp;更新
w57HAKWIMSmn3TMso-iDi-ZQbp4YQX7xb3XydAPpczohjiuyoh4k6Igs54cWJBnW,20240128,佐世保,7,F2,Ａ級予選,1,1,秋山　貴宏,1,2,2,3,2024/01/28 07:02&nbsp;更新
w57HAKWIMSmn3TMso-iDiwaPM2ohAfh34mT2_WS1I6suYv8DfcfR5kMab4hxBnsO,20240128,佐世保,8,F2,Ａ級予選,1,1,松尾　誠,1,2,3,2,2024/01/28 15:55&nbsp;更新
w57HAKWIMSmn3TMso-iDi2YFsKiF7eo5X1u4Z3B29psAFtBnlXo6DXjSFzTmzTVl,20240128,佐世保,9,F2,Ａ級初日特選,1,1,後田　康成,1,2,6,"1,5",2024/01/28 07:02&nbsp;更新
Xa_eXFxXQ1O2Kt1w6fagKGvk2NYFKgetI5M3PMjSkYsMDxaaQbmbYFbw-HV-hBfa,20240129,平塚,1,F1,Ａ級予選,1,1,川口　直人,1,3,2,7,2024/01/29 07:04&nbsp;更新
Xa_eXFxXQ1O2Kt1w6fagKFgoheI6GACOeKj9FBUujJ_7Nz6nSCoWJM_drP6MUkZl,20240129,平塚,2,F1,Ａ級予選,1,1,吉川　誠,7,2,5,2,2024/01/29 07:04&nbsp;更新
Xa_eXFxXQ1O2Kt1w6fagKOC5uQX3Igo9W4i4xbshU650KV2s2fPCHel5Gjaq6Qlj,20240129,平塚,3,F1,Ａ級予選,1,1,川口　直人,1,3,1,3,2024/01/29 07:04&nbsp;更新
Xa_eXFxXQ1O2Kt1w6fagKKzSfp0s5Wq9ylIy14lFVqlVnyy5e-zFillZ0SQVtrZD,20240129,平塚,4,F1,Ａ級予選,1,1,吉川　誠,4,3,4,"1,7",2024/01/29 07:04&nbsp;更新
Xa_eXFxXQ1O2Kt1w6fagKKyrpQ8gQFmRiZhFiVpNuVFCUMDrwD9NnwOog_ie3knd,20240129,平塚,5,F1,Ａ級初日特選,1,1,川口　直人,3,1,5,"2,7",2024/01/29 07:04&nbsp;更新
Xa_eXFxXQ1O2Kt1w6fagKA5YTPPoz9wva60oSVy7M7vqiMu-HCxWHgZp9T__lxe1,20240129,平塚,6,F1,Ｓ級予選,1,1,眞原　健一,5,4,1,"2,7",2024/01/29 07:04&nbsp;更新
Xa_eXFxXQ1O2Kt1w6fagKNA2h2QvWDgwSRGI-ztnGCmsxt4Fk4BiBl9avqVCbDpX,20240129,平塚,7,F1,Ｓ級予選,1,1,遠澤　健二,7,3,5,4,2024/01/29 07:04&nbsp;更新
Xa_eXFxXQ1O2Kt1w6fagKHN70Y-jcjpghIubrk5kwg7SVFGw3Q0871JvUX6tCEaG,20240129,平塚,8,F1,Ｓ級予選,1,1,植木　和広,5,3,7,1,2024/01/29 07:04&nbsp;更新
Xa_eXFxXQ1O2Kt1w6fagKHQUozNGhJp1cVTqP7yquDuuqNd7AOQcDZXl9_chUQe8,20240129,平塚,9,F1,Ｓ級予選,1,1,眞原　健一,2,7,6,3,2024/01/29 07:04&nbsp;更新
Xa_eXFxXQ1O2Kt1w6fagKIf4JCdSLEL5i2HSAHZLGoly2t6VfTKsO8mO47S5Xix5,20240129,平塚,10,F1,Ｓ級予選,1,1,遠澤　健二,3,5,6,3,2024/01/29 07:04&nbsp;更新
Xa_eXFxXQ1O2Kt1w6fagKKJ8bFGMzVjnuDFBTIqHkghuzsQogGAKaquZsFIAhq88,20240129,平塚,11,F1,Ｓ級予選,1,1,植木　和広,7,2,"6,7",,2024/01/29 07:04&nbsp;更新
Xa_eXFxXQ1O2Kt1w6fagKKqpSZDPa3AzHf7c4gyDytksF0azCAo6HMsH9yusVsxg,20240129,平塚,12,F1,Ｓ級初日特選,1,1,眞原　健一,5,7,5,3,2024/01/29 07:04&nbsp;更新
4YDG_8c_ujN7jm5c2eSyjQWEkXR5iahUCzgib0z640yxYlBnvuygBl3Wsv-IZ89U,20240129,名古屋,1,F1,Ａ級一般,1,1,水谷　将司,2,5,7,,2024/01/29 07:04&nbsp;更新
4YDG_8c_ujN7jm5c2eSyjX6kQ5nufJDjWk0W1RxRjtK4Lf69x7SpHTyJoQ24uD3l,20240129,名古屋,2,F1,Ａ級一般,1,1,清水　広幸,2,5,7,1,2024/01/29 07:04&nbsp;更新
4YDG_8c_ujN7jm5c2eSyjaVRd9YH7oznQDpt1JcDxU_k8ruVNqblSJpyivWnPP2K,20240129,名古屋,3,F1,Ａ級準決勝,1,1,臼井　昌巨,7,5,5,2,2024/01/29 07:04&nbsp;更新
4YDG_8c_ujN7jm5c2eSyjYiQEHkd_et-lcwfJQwwLPM2gyx6t5R2SU4YLwWR8tfs,20240129,名古屋,4,F1,Ａ級準決勝,1,1,水谷　将司,2,4,1,7,2024/01/29 07:04&nbsp;更新
4YDG_8c_ujN7jm5c2eSyjeWNbsBNvEYGtl4clxtcUlDgHdlXWytW_0__yJtSbLXq,20240129,名古屋,5,F1,Ａ級準決勝,1,1,小川　将人,5,1,2,4,2024/01/29 07:04&nbsp;更新
4YDG_8c_ujN7jm5c2eSyjYxC9L7ZaKj6TtNh8BAfc7_o1OItXB9fBLRD82AEJKgu,20240129,名古屋,6,F1,Ｓ級一般,1,1,朝日　勇,5,7,3,5,2024/01/29 07:04&nbsp;更新
4YDG_8c_ujN7jm5c2eSyjdcuZQvfyDymp5ErjeNepuSleYyeRd8pZdoFfD8TBQBx,20240129,名古屋,7,F1,Ｓ級一般,1,1,清水　広幸,1,3,5,2,2024/01/29 07:04&nbsp;更新
4YDG_8c_ujN7jm5c2eSyjVILVgGIN-FjVl_CaXb0lWZem-1Vrlb_CZJBBXknAw9k,20240129,名古屋,8,F1,Ｓ級選抜,1,1,小川　将人,1,5,4,"2,6",2024/01/29 07:04&nbsp;更新
4YDG_8c_ujN7jm5c2eSyjYnIO7Ekq0nv5jJJ_Oz_8vcMiDZN8A1O6uojqnA9i207,20240129,名古屋,9,F1,Ｓ級選抜,1,1,臼井　昌巨,4,2,3,"6,7",2024/01/29 07:04&nbsp;更新
4YDG_8c_ujN7jm5c2eSyjRPW-6S9yWSAtdkWM1sEeC1xPRL_ObseK4inm_4becE5,20240129,名古屋,10,F1,Ｓ級準決勝,1,1,朝日　勇,3,4,6,2,2024/01/29 07:04&nbsp;更新
4YDG_8c_ujN7jm5c2eSyjQHj4xtXjiwOhy_rvZlF2hTDHt96B0FG-f6IMY-tOVxe,20240129,名古屋,11,F1,Ｓ級準決勝,1,1,清水　広幸,5,2,5,1,2024/01/29 07:04&nbsp;更新
4YDG_8c_ujN7jm5c2eSyjW8RlrmOSsJ1Hwps_ly_e3t1_h4plXavHdrW-H6H7a3u,20240129,名古屋,12,F1,Ｓ級準決勝,1,1,小川　将人,7,3,7,6,2024/01/29 07:04&nbsp;更新
ZHNqMDrv_PhK_RMqwDdB9tKyHTuYdVGmXgsVtbpZibk0SJ1crQ65yjg3wo4aa4R_,20240129,取手,1,F2,Ａ級チャレンジ一般,1,1,薮田　貴幸,1,4,3,1,2024/01/29 07:04&nbsp;更新
ZHNqMDrv_PhK_RMqwDdB9khVLiUIa3-dYwexm2g2xus5mPF60jxS1Ow3PDCYHXxq,20240129,取手,2,F2,Ａ級チャレンジ一般,1,1,野間　司,1,7,5,6,2024/01/29 07:04&nbsp;更新
ZHNqMDrv_PhK_RMqwDdB9nynQK_y4Z6SYVcGBX1sgP1vhjWsxWRayL7MPuIECHCd,20240129,取手,3,F2,Ａ級チャレンジ準決勝,1,1,薮田　貴幸,7,2,4,1,2024/01/29 07:04&nbsp;更新
ZHNqMDrv_PhK_RMqwDdB9uOs5291zNpdle_6c17US_5NEeT0bWMq4G5GfislJa2N,20240129,取手,4,F2,Ａ級チャレンジ準決勝,1,1,野間　司,7,3,3,1,2024/01/29 07:04&nbsp;更新
ZHNqMDrv_PhK_RMqwDdB9pddmzxJ8x8-XMooiN8t39-Z3iOqK95jo7LSY3D_3FB1,20240129,取手,5,F2,Ａ級チャレンジ準決勝,1,1,吉田　昌司,5,7,7,3,2024/01/29 07:04&nbsp;更新
ZHNqMDrv_PhK_RMqwDdB9r2P36cTP_gnfKZEV7eoUS6d9VbpwEvCfJwg6pcOc8Hi,20240129,取手,6,F2,Ｌ級ガールズ予選（第２走）,1,1,薮田　貴幸,5,1,7,1,2024/01/29 07:04&nbsp;更新
ZHNqMDrv_PhK_RMqwDdB9jwY4OHDtmf08S7yUAS5kp0CLkQhAO0LfR8TtUWgXSP1,20240129,取手,7,F2,Ｌ級ガールズ予選（第２走）,1,1,野間　司,4,2,7,3,2024/01/29 07:04&nbsp;更新
ZHNqMDrv_PhK_RMqwDdB9v-BPFTUTWVEtZXh8vojgoXx7YQW3aKrsAGspvCp0L1-,20240129,取手,8,F2,Ａ級特一般,1,1,朝倉　智仁,3,5,1,4,2024/01/29 07:04&nbsp;更新
ZHNqMDrv_PhK_RMqwDdB9tF0PhGp45HgrjGIF_R26m1MO_kf00jgRGXBhEl6QTGc,20240129,取手,9,F2,Ａ級特一般,1,1,河野　通孝,3,7,1,,2024/01/29 07:04&nbsp;更新
ZHNqMDrv_PhK_RMqwDdB9s0GPhoXnMI_GcSqFfoJBjYn_IqDt_pRPB2fum29YYUJ,20240129,取手,10,F2,Ａ級準決勝,1,1,吉田　昌司,7,1,2,1,2024/01/29 07:04&nbsp;更新
ZHNqMDrv_PhK_RMqwDdB9ntZmbsIzFApibgV6ntT--XeZ0CH0shsdu_uA3LlYo5c,20240129,取手,11,F2,Ａ級準決勝,1,1,朝倉　智仁,3,1,3,1,2024/01/29 07:04&nbsp;更新
ZHNqMDrv_PhK_RMqwDdB9sgxV7YR7wDS2Va6yXK6Z3D5ymTr7Vda-1jNQEYs4Zx9,20240129,取手,12,F2,Ａ級準決勝,1,1,河野　通孝,5,2,4,5,2024/01/29 07:04&nbsp;更新
6WBVJpA-uKT9ycVIuSeDZmp1eJJSUzORSENNODmKCIl5qsZXWozBlB6mauJLxeSX,20240129,西武園,1,F2,Ａ級チャレンジ一般,1,1,神田　宏行,2,1,4,6,2024/01/29 07:04&nbsp;更新
6WBVJpA-uKT9ycVIuSeDZjLap2Nt8V8rpVaQOEbUuB89YgfR2-qPk5pzggrIAR0U,20240129,西武園,2,F2,Ａ級チャレンジ一般,1,1,安部　達也,2,5,3,"5,6",2024/01/29 07:04&nbsp;更新
6WBVJpA-uKT9ycVIuSeDZihAiHJzF-FJVF9-K6wyIRzeoBYks-N6afeHDaT7qmzE,20240129,西武園,3,F2,Ａ級チャレンジ一般,1,1,相川　永伍,3,2,4,"1,5",2024/01/29 07:04&nbsp;更新
6WBVJpA-uKT9ycVIuSeDZj3_w-XPRuC9KyOB9iush_v6Grpt4GWAwivqKnUEcLFj,20240129,西武園,4,F2,Ａ級チャレンジ選抜,1,1,神田　宏行,5,1,3,"1,7",2024/01/29 07:04&nbsp;更新
6WBVJpA-uKT9ycVIuSeDZnn36jDS7oLSfItlhPmigFZ0MItunNfDHXsE9smG61N6,20240129,西武園,5,F2,Ａ級チャレンジ選抜,1,1,安部　達也,3,4,5,4,2024/01/29 07:04&nbsp;更新
6WBVJpA-uKT9ycVIuSeDZhy0BecoMqX9YoeS-RMrGUUlrPfHgvx1tXgrffCScBA2,20240129,西武園,6,F2,Ａ級チャレンジ選抜,1,1,相川　永伍,1,3,5,7,2024/01/29 07:04&nbsp;更新
6WBVJpA-uKT9ycVIuSeDZlzOlqC-2Bj696tvySNlQo1x1u3jpFVfEGaN16vTwdUH,20240129,西武園,7,F2,Ａ級チャレンジ決勝,1,1,小沼　良,1,3,5,4,2024/01/29 07:04&nbsp;更新
wWGgXEq2uuee3jKNfyXvkJmy-vGrLPxe7E0leDgQD9vDxcXvdVq_7K83D8lGOb8D,20240129,松戸,1,F2,Ｌ級ガールズ予選（第２走）,1,1,江本　博明,1,2,2,1,2024/01/29 12:17&nbsp;更新
wWGgXEq2uuee3jKNfyXvkHHG0us2A9w4q1BhkoD9DpQqyhkb96jDlqDsEyeTb2L_,20240129,松戸,2,F2,Ｌ級ガールズ予選（第２走）,1,1,成清　貴之,1,2,3,"1,4",2024/01/29 12:17&nbsp;更新
wWGgXEq2uuee3jKNfyXvkDqIpHekdaJ1so3wIjhQ5_3VqNHGJWg8z4jtMi67Zw5E,20240129,松戸,3,F2,Ａ級一般,1,1,齋藤　宗徳,1,2,4,5,2024/01/29 12:17&nbsp;更新
wWGgXEq2uuee3jKNfyXvkHGpDjkyX73TzxOLm6_fLnQlxHsS_dr_KEBwRMeUlk2q,20240129,松戸,4,F2,Ａ級一般,1,1,栗本　尚宗,1,2,3,"1,7",2024/01/29 12:17&nbsp;更新
wWGgXEq2uuee3jKNfyXvkPBgHtnzQbCiS4HIQR6N4bQ9T-PcqO9E8IE55WBxvun6,20240129,松戸,5,F2,Ａ級選抜,1,1,成清　貴之,1,2,5,3,2024/01/29 12:17&nbsp;更新
wWGgXEq2uuee3jKNfyXvkLnTwF8Hj4ZkVnbHUTUvxa-0ahXw2ggMzjfKHvP5o76m,20240129,松戸,6,F2,Ａ級選抜,1,1,江本　博明,1,2,2,4,2024/01/29 12:17&nbsp;更新
wWGgXEq2uuee3jKNfyXvkCmqWY6yNX703Cml_L9JpBJ6argwYGh-Yhq2mwOsTkDd,20240129,松戸,7,F2,Ａ級準決勝,1,1,齋藤　宗徳,1,2,"2,6",,2024/01/29 12:17&nbsp;更新
wWGgXEq2uuee3jKNfyXvkMUIwRDsFD1TwNKlcptThsfcDbIBW4_9oL0AQ_7eZU13,20240129,松戸,8,F2,Ａ級準決勝,1,1,栗本　尚宗,1,2,2,6,2024/01/29 12:17&nbsp;更新
wWGgXEq2uuee3jKNfyXvkNawTDybl2M_yUG8SQugFPp2I11BzsocrydKh69t1pg3,20240129,松戸,9,F2,Ａ級準決勝,1,1,成清　貴之,1,2,7,1,2024/01/29 12:17&nbsp;更新
UosXmmT46sas3f00b2K8zP_NKRdRrY2OH-c8EnHi7WTqWmxgu6sgDzo0DOg0O87-,20240129,岸和田,1,F2,Ａ級チャレンジ予選,1,1,岡嶋　登,3,7,1,"5,7",2024/01/29 07:04&nbsp;更新
UosXmmT46sas3f00b2K8zOr4OWtF8sXD47N6SIytufs764r3wA_1v3vO_dLLHvq9,20240129,岸和田,2,F2,Ａ級チャレンジ予選,1,1,葉狩　伸泰,2,7,7,2,2024/01/29 07:04&nbsp;更新
UosXmmT46sas3f00b2K8zDd6cvEPuad29rHS7J4rbe3XuKhQCknAZSJCLYRxw86E,20240129,岸和田,3,F2,Ａ級チャレンジ予選,1,1,木本　賢二,7,1,5,"3,7",2024/01/29 07:04&nbsp;更新
UosXmmT46sas3f00b2K8zIaa-WmRHyjrmNTD4vgJSAsbsYlfC7hvSPX-IuT5CEBE,20240129,岸和田,4,F2,Ａ級チャレンジ予選,1,1,小西　芳樹,3,4,4,5,2024/01/29 07:04&nbsp;更新
UosXmmT46sas3f00b2K8zIHT_mG7DGMje-aoa-SCdmX1KxHVlW3MrTkOKdr_-5xu,20240129,岸和田,5,F2,Ａ級チャレンジ予選,1,1,丹波　孝佑,7,5,5,1,2024/01/29 07:04&nbsp;更新
UosXmmT46sas3f00b2K8zB8RZgyq776LXMyr9D7sqfGtaFoIazNj-zNHbPPMkIdJ,20240129,岸和田,6,F2,Ｌ級ガールズ予選（第１走）,1,1,岡嶋　登,1,4,1,6,2024/01/29 07:04&nbsp;更新
UosXmmT46sas3f00b2K8zKv0CVCHgKPBWan6EbJYrUzXd8y9cTVmMifGI-O-TE2w,20240129,岸和田,7,F2,Ｌ級ガールズ予選（第１走）,1,1,葉狩　伸泰,7,5,7,4,2024/01/29 07:04&nbsp;更新
UosXmmT46sas3f00b2K8zOs-Jv66p4bWu7QlWs3JeVq2UdRctkUOUKK_5NURl1iV,20240129,岸和田,8,F2,Ａ級特予選,1,1,小西　芳樹,5,3,3,6,2024/01/29 07:04&nbsp;更新
UosXmmT46sas3f00b2K8zPXQoPiKN5cNutQxi4r2Gvw-ScUKtf5OjeanpYr9zEnC,20240129,岸和田,9,F2,Ａ級特予選,1,1,丹波　孝佑,1,5,5,4,2024/01/29 07:04&nbsp;更新
UosXmmT46sas3f00b2K8zLG0OoI5xa5fD4fdEDYgznkS6E3cpCb1G7Zy6-iQVuPJ,20240129,岸和田,10,F2,Ａ級特予選,1,1,小西　芳樹,3,4,1,6,2024/01/29 07:04&nbsp;更新
UosXmmT46sas3f00b2K8zIUqvljJzJC-FPFwnBCo_oHU4BxgO7iuH3BhwZP90TF2,20240129,岸和田,11,F2,Ａ級特予選,1,1,木本　賢二,5,7,7,2,2024/01/29 07:04&nbsp;更新
UosXmmT46sas3f00b2K8zJzoirFnthaEdnSfIqJtq8RLuL_5qJzOZOnfx5HlXVxW,20240129,岸和田,12,F2,Ａ級初日特選,1,1,丹波　孝佑,5,2,"1,4",,2024/01/29 07:04&nbsp;更新
w57HAKWIMSmn3TMso-iDixQtQwCHzvpZytq_kS--VAh88pyOzRQsPgWLenSO7l33,20240129,佐世保,1,F2,Ｌ級ガールズ予選（第２走）,1,1,秋山　貴宏,1,2,"1,2",,2024/01/29 07:04&nbsp;更新
w57HAKWIMSmn3TMso-iDiylsDucgl0W_g1AIdbsDS-C2jg4YHSPPgYqxNDU0YokY,20240129,佐世保,2,F2,Ｌ級ガールズ予選（第２走）,1,1,三槻　智清,1,2,3,1,2024/01/29 07:04&nbsp;更新
w57HAKWIMSmn3TMso-iDi3OeftgyxJd8LJ4zhL0iSesWawA4EI3H-DVmriSQNAmp,20240129,佐世保,3,F2,Ａ級一般,1,1,松尾　誠,1,2,"3,5",,2024/01/29 07:04&nbsp;更新
w57HAKWIMSmn3TMso-iDixz-BLFDp7h7HBRS4q-hzx2a52t6ibPYcYtYQJwdNISv,20240129,佐世保,4,F2,Ａ級一般,1,1,後田　康成,1,2,3,"1,6",2024/01/29 07:04&nbsp;更新
w57HAKWIMSmn3TMso-iDi8mwaIhTiXOmS7UgRSBHgi08cvs9FgEAY6PP6VL5bzkc,20240129,佐世保,5,F2,Ａ級選抜,1,1,秋山　貴宏,1,2,6,,2024/01/29 07:04&nbsp;更新
w57HAKWIMSmn3TMso-iDi1aI2xa0q5UE8S4zb09sGVXZnVuTE9pljVsUSwcUiEQY,20240129,佐世保,6,F2,Ａ級選抜,1,1,松尾　誠,1,2,1,,2024/01/29 09:26&nbsp;更新
w57HAKWIMSmn3TMso-iDi45P2tbxKzyx8MCByNWX4TCjEZFMSWfKddtCyPcl23-1,20240129,佐世保,7,F2,Ａ級準決勝,1,1,三槻　智清,1,2,7,6,2024/01/29 07:04&nbsp;更新
w57HAKWIMSmn3TMso-iDi4zReXW5GU8z2f3ZKJN6LIGJJ_EEIv2LSZ-l6uhLk39X,20240129,佐世保,8,F2,Ａ級準決勝,1,1,後田　康成,1,2,5,1,2024/01/29 09:14&nbsp;更新
w57HAKWIMSmn3TMso-iDi4s2rRkOq_kAi7ROzriRldF1hg3KsV9vpT2Edg09GT5d,20240129,佐世保,9,F2,Ａ級準決勝,1,1,松尾　誠,1,2,5,"2,6",2024/01/29 09:14&nbsp;更新
Xa_eXFxXQ1O2Kt1w6fagKLivYAjadlFPte_v_WLSx7VNFNhvvrkNpenPC8AC5lEr,20240130,平塚,1,F1,Ａ級一般,1,1,遠澤　健二,2,1,7,5,2024/01/30 07:04&nbsp;更新
Xa_eXFxXQ1O2Kt1w6fagKCCthochUGpLkeiZALDjVwoAs17FIiWR1zEIbUx-MR5-,20240130,平塚,2,F1,Ａ級一般,1,1,吉川　誠,2,3,"5,7",,2024/01/30 07:04&nbsp;更新
Xa_eXFxXQ1O2Kt1w6fagKCuotyUCTxk8QZwiGyCvyy3KKW7PCu6haqXTTCYsmSV-,20240130,平塚,3,F1,Ａ級準決勝,1,1,川口　直人,1,5,3,7,2024/01/30 07:04&nbsp;更新
Xa_eXFxXQ1O2Kt1w6fagKPHP4S64TKlgcIZISEmxyhMNpxu94syAzC07215OgbXG,20240130,平塚,4,F1,Ａ級準決勝,1,1,遠澤　健二,2,1,5,1,2024/01/30 07:04&nbsp;更新
Xa_eXFxXQ1O2Kt1w6fagKCXotEUSEgCtSNlDtO88TIGGvHm_EG7lLjaMwNU2fbDU,20240130,平塚,5,F1,Ａ級準決勝,1,1,吉川　誠,3,5,"3,5",,2024/01/30 07:04&nbsp;更新
Xa_eXFxXQ1O2Kt1w6fagKKiLChRF7Cysmh4a3woJf_Xn_MG81YAyJZpzjrdFlawU,20240130,平塚,6,F1,Ｓ級一般,1,1,植木　和広,3,2,5,1,2024/01/30 07:04&nbsp;更新
Xa_eXFxXQ1O2Kt1w6fagKEqRU9wG-8APauyn8UQ666McS4wTXr6iVx6na9oF82aJ,20240130,平塚,7,F1,Ｓ級一般,1,1,眞原　健一,3,5,1,2,2024/01/30 07:04&nbsp;更新
Xa_eXFxXQ1O2Kt1w6fagKLQJZQrM59oP7WBB6y3-dMZlzReepTqyLVY_8ILO3UCA,20240130,平塚,8,F1,Ｓ級選抜,1,1,川口　直人,7,5,6,3,2024/01/30 07:04&nbsp;更新
Xa_eXFxXQ1O2Kt1w6fagKDnqBdy49Ekjtsrd7yPIpJxZlqlUHIbxrWei93lDE_Rd,20240130,平塚,9,F1,Ｓ級選抜,1,1,植木　和広,2,1,3,7,2024/01/30 07:04&nbsp;更新
Xa_eXFxXQ1O2Kt1w6fagKOA1o2QCybivoDPlPq7v59osIzno948T2xWzwuo6Th4K,20240130,平塚,10,F1,Ｓ級準決勝,1,1,遠澤　健二,7,2,6,4,2024/01/30 07:04&nbsp;更新
Xa_eXFxXQ1O2Kt1w6fagKPoeFKwHbNie4BRUhxQpzHYvCQkctskE9K3mGXieemmg,20240130,平塚,11,F1,Ｓ級準決勝,1,1,眞原　健一,1,2,1,7,2024/01/30 07:04&nbsp;更新
Xa_eXFxXQ1O2Kt1w6fagKBSrSXM4Y6zMlNEU7SYFXi7DyluqtkbxS8e57TENwo2S,20240130,平塚,12,F1,Ｓ級準決勝,1,1,川口　直人,1,3,"5,6",,2024/01/30 07:04&nbsp;更新
4YDG_8c_ujN7jm5c2eSyjS_2UU3EWTYreJMPK0bp96IWSmsCCt5VLyIM1A4plbJN,20240130,名古屋,1,F1,Ａ級一般,1,1,朝日　勇,1,2,2,4,2024/01/30 07:04&nbsp;更新
4YDG_8c_ujN7jm5c2eSyjReqSj5Bh6630sFj4hDXKWjxrwnwlcWdHBMO16RO0iQ4,20240130,名古屋,2,F1,Ａ級一般,1,1,小川　将人,7,4,4,1,2024/01/30 07:04&nbsp;更新
4YDG_8c_ujN7jm5c2eSyjdUZCbjzk55DbBkl9lYG2a_Tq3Ll0qW65HuvFCydI3Dj,20240130,名古屋,3,F1,Ａ級特選,1,1,清水　広幸,1,5,3,4,2024/01/30 07:04&nbsp;更新
4YDG_8c_ujN7jm5c2eSyjezw_TmsYNCIZyPWVGIaBLksAPf0ant9B48J9MQm4UBC,20240130,名古屋,4,F1,Ａ級特選,1,1,朝日　勇,1,2,5,7,2024/01/30 07:04&nbsp;更新
4YDG_8c_ujN7jm5c2eSyjTckk0STEq0sa4pVvEVYkGNxkhdCWE-GVpCwbarxIgKc,20240130,名古屋,5,F1,Ｓ級一般,1,1,臼井　昌巨,1,5,4,1,2024/01/30 07:04&nbsp;更新
4YDG_8c_ujN7jm5c2eSyjfiH3S0Ypt3lUNadUsotfnJIqAh1NprYQtJOdraWbj5g,20240130,名古屋,6,F1,Ｓ級一般,1,1,水谷　将司,4,1,3,,2024/01/30 07:04&nbsp;更新
4YDG_8c_ujN7jm5c2eSyjfmQlstmtpMfvF2UnICoW7LPClgfBO2ReZ816PObqA1Z,20240130,名古屋,7,F1,Ｓ級一般,1,1,清水　広幸,2,5,2,,2024/01/30 07:04&nbsp;更新
4YDG_8c_ujN7jm5c2eSyjatRxX9Rdhe9FcLD3sbwyzW0LN9g8wR_gwba6sxo9xna,20240130,名古屋,8,F1,Ｓ級特選,1,1,小川　将人,2,5,7,"1,3",2024/01/30 07:04&nbsp;更新
4YDG_8c_ujN7jm5c2eSyjaAzDo1Xf9O5-t2-kFsjCqpR2SiqZNG2a7vbZYRhHwEo,20240130,名古屋,9,F1,Ｓ級特選,1,1,臼井　昌巨,7,1,5,6,2024/01/30 07:04&nbsp;更新
4YDG_8c_ujN7jm5c2eSyjef713CTPgtUGQzL4lj7vTUjXOKqLZvovEuILpYPCpwA,20240130,名古屋,10,F1,Ｓ級特選,1,1,水谷　将司,7,2,1,6,2024/01/30 07:04&nbsp;更新
4YDG_8c_ujN7jm5c2eSyjfSjjonAaez4oZ8TyGnaXYbC1iWgL1Q74a1u4Aov8f8x,20240130,名古屋,11,F1,Ａ級決勝,1,1,清水　広幸,3,4,6,2,2024/01/30 07:04&nbsp;更新
4YDG_8c_ujN7jm5c2eSyjRKvFZAgGnHbjKPpgCEJSGu5jOQwsRjQT5GZrPXJsXm6,20240130,名古屋,12,F1,Ｓ級決勝,1,1,小川　将人,1,2,2,3,2024/01/30 07:04&nbsp;更新
ZHNqMDrv_PhK_RMqwDdB9iitVBPf576W-cQ7STgJ9vUcmENiXqvx05hh9Af-_MTQ,20240130,取手,1,F2,Ａ級チャレンジ一般,1,1,薮田　貴幸,4,3,2,3,2024/01/30 09:27&nbsp;更新
ZHNqMDrv_PhK_RMqwDdB9t9p-0qjJh6vZEjqBV57YmzzGXacjK26-QqBiYtObqku,20240130,取手,2,F2,Ａ級チャレンジ一般,1,1,野間　司,4,1,7,4,2024/01/30 07:04&nbsp;更新
ZHNqMDrv_PhK_RMqwDdB9iayacULc40ByK5Ibw8EtklwaX5NoQszzJW_p72u7lor,20240130,取手,3,F2,Ａ級チャレンジ選抜,1,1,薮田　貴幸,5,1,"1,2",,2024/01/30 07:04&nbsp;更新
ZHNqMDrv_PhK_RMqwDdB9gTUiRuPX2UU-HCI3S3mgarqSaD75oeelFf6GGOHsuhk,20240130,取手,4,F2,Ａ級チャレンジ選抜,1,1,野間　司,1,4,5,3,2024/01/30 07:04&nbsp;更新
ZHNqMDrv_PhK_RMqwDdB9gfQQGUdzGjpI2stDFp2taKbO--Gtyn25MuX3RLiAQa8,20240130,取手,5,F2,Ｌ級ガールズ一般,1,1,薮田　貴幸,7,2,6,2,2024/01/30 07:04&nbsp;更新
ZHNqMDrv_PhK_RMqwDdB9gLrQYLvQ5zsztn9jUfqTLf97g6k36lx2CANUkHNKNHn,20240130,取手,6,F2,Ａ級特一般,1,1,吉田　昌司,1,2,7,,2024/01/30 07:04&nbsp;更新
ZHNqMDrv_PhK_RMqwDdB9sltp_ClU1FZzFcNYoiELJal2L4WfYoaWG0fkhwquw3C,20240130,取手,7,F2,Ａ級特一般,1,1,河野　通孝,2,4,7,3,2024/01/30 07:04&nbsp;更新
ZHNqMDrv_PhK_RMqwDdB9lBaQeFJc3c4ILoy8bJVk9SKYrWZhssx1ejsTu7rK2X_,20240130,取手,8,F2,Ａ級特選,1,1,朝倉　智仁,4,5,5,3,2024/01/30 07:04&nbsp;更新
ZHNqMDrv_PhK_RMqwDdB9iiYCb0ivLRunUBDws7p5LHkF0wYBJSqrE2yjekMBisC,20240130,取手,9,F2,Ａ級特選,1,1,吉田　昌司,5,1,1,5,2024/01/30 07:04&nbsp;更新
ZHNqMDrv_PhK_RMqwDdB9nt_1q-ZCtJ5qsptOyZgEGZSHR5Nk5MBy56ipbkQuQxN,20240130,取手,10,F2,Ａ級チャレンジ決勝,1,1,朝倉　智仁,2,5,4,6,2024/01/30 07:04&nbsp;更新
ZHNqMDrv_PhK_RMqwDdB9q83uknugQUnJHKx-KVvjqZAT0GahK5s2cbLXZXVNiiZ,20240130,取手,11,F2,Ｌ級ガールズ決勝,1,1,野間　司,5,2,3,7,2024/01/30 07:04&nbsp;更新
ZHNqMDrv_PhK_RMqwDdB9uIK3ftjDNnHR2nVjGf-EtHmoOSM_u8UpzIseHrcqV5O,20240130,取手,12,F2,Ａ級決勝,1,1,河野　通孝,1,4,3,1,2024/01/30 07:04&nbsp;更新
wWGgXEq2uuee3jKNfyXvkHatXbqwBtaVVbtTxhY_b1dDA44b21umxSRhGWcSm2wL,20240130,松戸,1,F2,Ｌ級ガールズ一般,1,1,江本　博明,1,2,1,2,2024/01/30 12:15&nbsp;更新
wWGgXEq2uuee3jKNfyXvkGCPMKz_DYPmwnow_S_MA9Lv3TcLUe2xIgt-CQUvafy4,20240130,松戸,2,F2,Ａ級一般,1,1,成清　貴之,1,2,4,5,2024/01/30 12:15&nbsp;更新
wWGgXEq2uuee3jKNfyXvkKYD6d1HXDThM6G9MMC6l_8b7W8WvwM1G8UFOP2Uh_K6,20240130,松戸,3,F2,Ａ級一般,1,1,齋藤　宗徳,1,2,4,7,2024/01/30 12:15&nbsp;更新
wWGgXEq2uuee3jKNfyXvkCoI5-4f4rCi-S-bhpzWm-8D2IE2IfZHUra9N6Qp0koU,20240130,松戸,4,F2,Ａ級一般,1,1,江本　博明,1,2,2,4,2024/01/30 12:15&nbsp;更新
wWGgXEq2uuee3jKNfyXvkFeqwv24jH92wQyJiZ32_1avUEECuGwO45sjBhTWqjqD,20240130,松戸,5,F2,Ａ級特選,1,1,栗本　尚宗,1,2,3,5,2024/01/30 12:15&nbsp;更新
wWGgXEq2uuee3jKNfyXvkH5thRmIus9jd4-z-FI0DsY2FH2LhzDanL2eaoL5oESU,20240130,松戸,6,F2,Ａ級特選,1,1,齋藤　宗徳,1,2,6,5,2024/01/30 12:15&nbsp;更新
wWGgXEq2uuee3jKNfyXvkNc68mDH4BA8UdpoKggdt303DvV9tBkVc_lzsNpW_H8L,20240130,松戸,7,F2,Ａ級特選,1,1,江本　博明,1,2,4,1,2024/01/30 12:15&nbsp;更新
wWGgXEq2uuee3jKNfyXvkEkQ8Zy_jpXSO29UzgtitDJChymcUEnoaeh-9gOas0vw,20240130,松戸,8,F2,Ｌ級ガールズ決勝,1,1,成清　貴之,1,2,4,3,2024/01/30 12:15&nbsp;更新
wWGgXEq2uuee3jKNfyXvkLNjsJr6CvKRC5sdvZQRSENUdpgwqFoLpktA6mpFlzH6,20240130,松戸,9,F2,Ａ級決勝,1,1,栗本　尚宗,1,2,2,7,2024/01/30 12:15&nbsp;更新
UosXmmT46sas3f00b2K8zBoT9lajToJxqM9sWvANHQrKca4pMPVrJEPr2Ehfjx0F,20240130,岸和田,1,F2,Ａ級チャレンジ一般,1,1,岡嶋　登,1,2,2,4,2024/01/30 07:04&nbsp;更新
UosXmmT46sas3f00b2K8zHcpxYvWhjP3fKnXZpQPr6Q7eewKT67GO8zEd4f5ipbu,20240130,岸和田,2,F2,Ａ級チャレンジ一般,1,1,葉狩　伸泰,4,1,3,2,2024/01/30 07:04&nbsp;更新
UosXmmT46sas3f00b2K8zOPBLZh0nY8jH3flf6UpLDAVKlGBENOzilgMU1nY2jJp,20240130,岸和田,3,F2,Ａ級チャレンジ準決勝,1,1,木本　賢二,3,2,3,4,2024/01/30 07:04&nbsp;更新
UosXmmT46sas3f00b2K8zInUWfCROnfZastuto69hbcjdEhp2bzUtEAgr3FBAEyz,20240130,岸和田,4,F2,Ａ級チャレンジ準決勝,1,1,小西　芳樹,1,5,5,"1,2,3",2024/01/30 07:04&nbsp;更新
UosXmmT46sas3f00b2K8zAQt7AxbplSV8VEC5z3rTvDklmWE6ScrEq9IyAqunEmu,20240130,岸和田,5,F2,Ａ級チャレンジ準決勝,1,1,丹波　孝佑,5,7,2,7,2024/01/30 07:04&nbsp;更新
UosXmmT46sas3f00b2K8zLukUqi2BaVWJ88Hb0tizac_LixhNke3lxUBuzKXz0Dl,20240130,岸和田,6,F2,Ｌ級ガールズ予選（第２走）,1,1,岡嶋　登,7,4,7,4,2024/01/30 07:04&nbsp;更新
UosXmmT46sas3f00b2K8zDe-r7v-aaGnk34C9BEPDupPNKUNEPuGcevRm3LV6c2_,20240130,岸和田,7,F2,Ｌ級ガールズ予選（第２走）,1,1,葉狩　伸泰,3,6,3,2,2024/01/30 07:04&nbsp;更新
UosXmmT46sas3f00b2K8zM3dlLC3tp7DTJR783FdIs-kDn47SA2OGVVO_09M21r5,20240130,岸和田,8,F2,Ａ級特一般,1,1,小西　芳樹,3,4,3,"1,5",2024/01/30 07:04&nbsp;更新
UosXmmT46sas3f00b2K8zATlXNWlSG9_HnTg7LLGrGbSJjHiOYnCVTYVvq4MD1-G,20240130,岸和田,9,F2,Ａ級特一般,1,1,丹波　孝佑,5,4,4,1,2024/01/30 07:04&nbsp;更新
UosXmmT46sas3f00b2K8zKO3DRXXeOG5PTm2lJP_mfIjPZh60ihhR3LcLkBnqF4S,20240130,岸和田,10,F2,Ａ級準決勝,1,1,小西　芳樹,1,7,4,7,2024/01/30 07:04&nbsp;更新
UosXmmT46sas3f00b2K8zOUkgsh9hLPUJnmLuXkU-BJLTUmPAJXCrIehNQ3ByPhf,20240130,岸和田,11,F2,Ａ級準決勝,1,1,木本　賢二,7,1,6,7,2024/01/30 07:04&nbsp;更新
UosXmmT46sas3f00b2K8zOTTc2gSGOMpCRCNKQl3yiPOTKLd2s6_R3xwHrF27l4_,20240130,岸和田,12,F2,Ａ級準決勝,1,1,丹波　孝佑,7,1,6,"3,7",2024/01/30 07:04&nbsp;更新
w57HAKWIMSmn3TMso-iDi2RdBjBRaf-FovxwGSfJ8Xsyi026NaH2MyAgbWED_3o9,20240130,佐世保,1,F2,Ｌ級ガールズ一般,1,1,秋山　貴宏,1,2,"3,4",,2024/01/30 07:04&nbsp;更新
w57HAKWIMSmn3TMso-iDiyJVMPfveq1j5igVDkraW-FQ9ZPLdpOb2WAFc44meg0t,20240130,佐世保,2,F2,Ａ級一般,1,1,三槻　智清,1,2,6,"1,2",2024/01/30 07:04&nbsp;更新
w57HAKWIMSmn3TMso-iDi0Ono_pMHIKL49oeWDxMuGlnuaq_jUXkdQe6Ihi619KJ,20240130,佐世保,3,F2,Ａ級一般,1,1,松尾　誠,1,2,1,5,2024/01/30 07:04&nbsp;更新
w57HAKWIMSmn3TMso-iDiyrMsLf1ZJAC2FGOjLm9LJHn5UMTxyInVj7WjB1KDAjE,20240130,佐世保,4,F2,Ａ級一般,1,1,後田　康成,1,2,"4,7",,2024/01/30 07:04&nbsp;更新
w57HAKWIMSmn3TMso-iDi3Sgg47KHdq0akAju1Mn_Oihg38PLkCtmGqtrkC4L4Co,20240130,佐世保,5,F2,Ａ級特選,1,1,三槻　智清,1,2,5,4,2024/01/30 19:49&nbsp;更新
w57HAKWIMSmn3TMso-iDixkYfYiflgu2WmLA_NjPMeF5-aqawBaVV5LoZBJpfZdK,20240130,佐世保,6,F2,Ａ級特選,1,1,秋山　貴宏,1,2,5,4,2024/01/30 07:04&nbsp;更新
w57HAKWIMSmn3TMso-iDi1glM4WTvgK49fSH-1h7qckBg1I3ur7eNVbpOzwqTXtK,20240130,佐世保,7,F2,Ａ級特選,1,1,松尾　誠,1,2,6,5,2024/01/30 07:04&nbsp;更新
w57HAKWIMSmn3TMso-iDi_cI5mtSlzZfBBZnTqjhJX5aWg6v224ZpVWrIww5qGjv,20240130,佐世保,8,F2,Ｌ級ガールズ決勝,1,1,三槻　智清,1,2,"2,3",,2024/01/30 07:04&nbsp;更新
w57HAKWIMSmn3TMso-iDiz0WvtfbPefkJEdDgouRINNmVhVWzJbm7su3zixhLgWG,20240130,佐世保,9,F2,Ａ級決勝,1,1,後田　康成,1,2,6,"4,7",2024/01/30 07:04&nbsp;更新
4sLptYw_uaU3-SWJZKrd1CyJNNLY01OIp9kbYa6Nv6OIP0fFrPd6lnkgav3Fv6a2,20240130,別府,1,F2,Ａ級チャレンジ予選,1,1,梶原　恵介,4,2,3,2,2024/01/30 07:04&nbsp;更新
4sLptYw_uaU3-SWJZKrd1Dyw09yuj9lT-B-kQlPmWbPZvlaGEynCm7o24sfycoKe,20240130,別府,2,F2,Ａ級チャレンジ予選,1,1,吉川　裕二,1,7,4,5,2024/01/30 07:04&nbsp;更新
4sLptYw_uaU3-SWJZKrd1HyFT-SmqDK9H33gXgIitQ1foURBxxbQm97HUlRgS8Kw,20240130,別府,3,F2,Ａ級チャレンジ予選,1,1,萱島　大介,4,5,5,3,2024/01/30 07:04&nbsp;更新
4sLptYw_uaU3-SWJZKrd1Kt9cpe8T3r-A_QRnUq3nb_bGu0PZE4jaSOpWF0Fu4nK,20240130,別府,4,F2,Ａ級チャレンジ予選,1,1,松田　直也,1,5,1,"3,7",2024/01/30 07:04&nbsp;更新
4sLptYw_uaU3-SWJZKrd1OPS-40uchbkGp06smimxUL2FsONwcnwgynnJzVT04Kw,20240130,別府,5,F2,Ａ級チャレンジ予選,1,1,梶原　恵介,4,5,5,7,2024/01/30 07:04&nbsp;更新
4sLptYw_uaU3-SWJZKrd1ASBkUtWqysqJDVsxYNTTbBySiSqYK0-kNoUkWJvPKCy,20240130,別府,6,F2,Ａ級チャレンジ予選,1,1,吉川　裕二,2,4,3,4,2024/01/30 07:04&nbsp;更新
4sLptYw_uaU3-SWJZKrd1DIzbOPntz3sazFM0VT_-guLLPqilZ4VzPetiziZpCz8,20240130,別府,7,F2,Ａ級チャレンジ予選,1,1,萱島　大介,2,3,3,4,2024/01/30 07:04&nbsp;更新
Xa_eXFxXQ1O2Kt1w6fagKPKowsbY3sOFqkDpJb3n06FtJm9EQWykS13aQ-G7h_Dq,20240131,平塚,1,F1,Ａ級一般,1,1,吉川　誠,1,5,3,7,2024/01/31 07:01&nbsp;更新
Xa_eXFxXQ1O2Kt1w6fagKNGiEUAGcuzj14m5oeR8SbjCm97QqdmM6XNHGDvJKtG7,20240131,平塚,2,F1,Ａ級一般,1,1,植木　和広,7,4,3,4,2024/01/31 07:01&nbsp;更新
Xa_eXFxXQ1O2Kt1w6fagKKnsOKD9p-rIxE50xER2ZIfMFjR-Q_oJu8sn9hlXtC53,20240131,平塚,3,F1,Ａ級特選,1,1,眞原　健一,3,7,1,5,2024/01/31 07:01&nbsp;更新
Xa_eXFxXQ1O2Kt1w6fagKD3Jb3y_4gm56fL4ElDF735dy7ty99-udbzLw_3V9zAy,20240131,平塚,4,F1,Ａ級特選,1,1,吉川　誠,3,7,7,2,2024/01/31 07:01&nbsp;更新
Xa_eXFxXQ1O2Kt1w6fagKBEaG9AzBDw7AbIokJCPt-xP4iaZaZ1yS-u04uDgZUU8,20240131,平塚,5,F1,Ｓ級一般,1,1,遠澤　健二,7,1,4,"2,3",2024/01/31 07:01&nbsp;更新
Xa_eXFxXQ1O2Kt1w6fagKNyojpQhMwy2F1HulREfLxKpxvIbRvr_kNHFsa_l9QWn,20240131,平塚,6,F1,Ｓ級一般,1,1,植木　和広,3,4,6,2,2024/01/31 07:01&nbsp;更新
Xa_eXFxXQ1O2Kt1w6fagKO7hzdqGYtSFmNe3TwQOOZmiEvw456YEe0PtCsTv5O66,20240131,平塚,7,F1,Ｓ級一般,1,1,遠澤　健二,3,5,2,6,2024/01/31 07:01&nbsp;更新
Xa_eXFxXQ1O2Kt1w6fagKM3aE2oJQ0ruaDcxc8kzaTKjCZCyaXYTCrguepAZGgd0,20240131,平塚,8,F1,Ｓ級特選,1,1,川口　直人,5,1,7,5,2024/01/31 07:01&nbsp;更新
Xa_eXFxXQ1O2Kt1w6fagKOL_KUsZr2yG-1RNQmREhr-8Jed0lM4286v3oCseCwxm,20240131,平塚,9,F1,Ｓ級特選,1,1,植木　和広,7,2,5,4,2024/01/31 07:01&nbsp;更新
Xa_eXFxXQ1O2Kt1w6fagKI2jAiWcSfnmuo1ZQDkm_T2XEZkXG_IwdjC3n6aIvPpy,20240131,平塚,10,F1,Ｓ級特選,1,1,眞原　健一,2,4,1,2,2024/01/31 07:01&nbsp;更新
Xa_eXFxXQ1O2Kt1w6fagKGguRt87XguUXRMgLhMlbkTC3tcYFm31jnKdkK0XsSqF,20240131,平塚,11,F1,Ａ級決勝,1,1,吉川　誠,2,1,6,4,2024/01/31 07:01&nbsp;更新
Xa_eXFxXQ1O2Kt1w6fagKJfjebsJnk1EbmTlGkhlIJ8MLcr40ZVtkU_24aZlVwce,20240131,平塚,12,F1,Ｓ級決勝,1,1,川口　直人,1,2,1,7,2024/01/31 07:01&nbsp;更新
TzXNr1IyQYXd8vmMpJjd_xM9B2f1FBMIGeOKDp4cC7m-yarxMzBqcogjVg2TqQn7,20240131,小倉,1,F1,Ａ級予選,1,1,秋永　共之,4,7,4,7,2024/01/31 07:01&nbsp;更新
TzXNr1IyQYXd8vmMpJjd_2tqa0rkl1HZYPHvfx_IvXX8lLP5yIk9z0EJu6_M0GPg,20240131,小倉,2,F1,Ａ級予選,1,1,城戸崎隆史,3,7,6,3,2024/01/31 07:01&nbsp;更新
TzXNr1IyQYXd8vmMpJjd_zvODZFkqhyqQL7L5HDZMmaKTnwR_heOntLkQTdZY09X,20240131,小倉,3,F1,Ａ級予選,1,1,嶋田　誠也,5,3,5,6,2024/01/31 07:01&nbsp;更新
TzXNr1IyQYXd8vmMpJjd_xQgZpQY4mamxpmiNHQCtS2UJ-PE7v8QOioycDLFsXMA,20240131,小倉,4,F1,Ａ級予選,1,1,松尾　透,7,2,7,3,2024/01/31 07:01&nbsp;更新
TzXNr1IyQYXd8vmMpJjd_6hs1zxXmzgVWx8QbgEOv4vL44Q3wYG9k0a1AEnJRd5w,20240131,小倉,5,F1,Ａ級初日特選,1,1,嶋田　誠也,2,7,5,"2,3",2024/01/31 07:01&nbsp;更新
TzXNr1IyQYXd8vmMpJjd_5o8HuL4ANgnftXf4cFIvJeE22GuZvpbHk8Bqiel5SXf,20240131,小倉,6,F1,Ｌ級ガールズ予選（第１走）,1,1,秋永　共之,6,1,6,5,2024/01/31 07:01&nbsp;更新
TzXNr1IyQYXd8vmMpJjd_-32fk0aZgg2pLnKp7XSi5iYlo9XJeMddJlbsBMw9Ryl,20240131,小倉,7,F1,Ｌ級ガールズ予選（第１走）,1,1,城戸崎隆史,7,1,4,7,2024/01/31 07:01&nbsp;更新
TzXNr1IyQYXd8vmMpJjd_-DbqcNgpV8fKwL_mh0S4a0oBapKRhlTx0wVjwXUAo5v,20240131,小倉,8,F1,Ｓ級予選,1,1,松尾信太郎,3,4,5,6,2024/01/31 07:01&nbsp;更新
TzXNr1IyQYXd8vmMpJjd_5ZfvFW3krY-7eDFiwMc-mYa0qiJO9jY_ho2yjd3JnPC,20240131,小倉,9,F1,Ｓ級予選,1,1,松尾　透,4,1,4,2,2024/01/31 07:01&nbsp;更新
TzXNr1IyQYXd8vmMpJjd_wXnmzkLQQWMAGq_vEWcePa53R7ShnMVRRHUQ8lcWn9p,20240131,小倉,10,F1,Ｓ級予選,1,1,松尾信太郎,2,3,6,2,2024/01/31 07:01&nbsp;更新
TzXNr1IyQYXd8vmMpJjd_0I-I2EmpH3MtchoLC1GIIV69Jt55b3d9w938ImsKE8K,20240131,小倉,11,F1,Ｓ級予選,1,1,松尾　透,5,1,5,"3,6",2024/01/31 07:01&nbsp;更新
TzXNr1IyQYXd8vmMpJjd_3ex8gGX9jNia1iN-7TbkqGCpoCMJl6dhcJcH3E9Ussi,20240131,小倉,12,F1,Ｓ級初日特選,1,1,松尾信太郎,4,2,5,6,2024/01/31 07:01&nbsp;更新
-32bEbegSFlX86kxXOAjQyjge98lxMdVsT8ci8xd3cfFJovIPmz8wzQ3cLsKDYFB,20240131,前橋,1,F2,Ａ級特予選,1,1,小林　潤二,1,2,2,3,2024/01/31 07:01&nbsp;更新
-32bEbegSFlX86kxXOAjQ8YbY7SGo4qTz-qth-xG39bhOzfcyF3nAr2rP7uay2y9,20240131,前橋,2,F2,Ａ級特予選,1,1,小林　大介,1,2,"1,7",,2024/01/31 07:01&nbsp;更新
-32bEbegSFlX86kxXOAjQ5dV5xqkZl4wz_MPfMwOH8y1In6d7oEBV5k5Dz7wLA0m,20240131,前橋,3,F2,Ａ級特予選,1,1,瀧野　勝太,1,2,1,6,2024/01/31 07:01&nbsp;更新
-32bEbegSFlX86kxXOAjQwxh_7FrengHJ5Y939w9M7zDsCVTFMlkrpQUDZQIrcIn,20240131,前橋,4,F2,Ａ級特予選,1,1,小林　潤二,1,2,1,7,2024/01/31 07:01&nbsp;更新
-32bEbegSFlX86kxXOAjQyC2jyE5l5oK2yVlLjwsSWyMLQ7LUDBdy4MJtE04ezV6,20240131,前橋,5,F2,Ａ級初日特選,1,1,小林　大介,1,2,"4,7",,2024/01/31 07:01&nbsp;更新
-32bEbegSFlX86kxXOAjQ_K13fXb7diwuaTFgJxHNKKjmsv53C2KO5_INNj65NHV,20240131,前橋,6,F2,Ｌ級ガールズ予選１Ｂ,1,1,堀　勝政,1,2,4,3,2024/01/31 07:01&nbsp;更新
-32bEbegSFlX86kxXOAjQ9aMO52HJ9laERtorwLjSjTbxZiLJhwhrdFf6od8N6d5,20240131,前橋,7,F2,Ｌ級ガールズ予選１Ｂ,1,1,瀧野　勝太,1,2,3,1,2024/01/31 07:01&nbsp;更新
-32bEbegSFlX86kxXOAjQ52kf6nbtOAWUMZ0nYMHZqmIfkktkm882ZneLovCDXXl,20240131,前橋,8,F2,Ｌ級ガールズ予選１Ａ,1,1,堀　勝政,1,2,"1,2",,2024/01/31 07:01&nbsp;更新
-32bEbegSFlX86kxXOAjQ-5IrNrYg7VIv1ejkfrNR4C53tvQ6EhHw2zmtywI6676,20240131,前橋,9,F2,Ｌ級ガールズ予選１Ａ,1,1,瀧野　勝太,1,2,2,4,2024/01/31 07:01&nbsp;更新
r7c8N-lTlOenJOhe9NDy6DkEHu7XirC_2PzJ5AYoXKqBsPTeCJV1HZmmnsKds-Sf,20240131,松阪,1,F2,Ａ級チャレンジ予選,1,1,伊藤　稔真,1,2,4,7,2024/01/31 07:01&nbsp;更新
r7c8N-lTlOenJOhe9NDy6P0SF76xXS_qVprOcrtMLZtD72p6ciFPHrPFOKD7N-FC,20240131,松阪,2,F2,Ａ級チャレンジ予選,1,1,溝口　葵,1,2,2,"1,3,5",2024/01/31 07:01&nbsp;更新
r7c8N-lTlOenJOhe9NDy6MuaBuYMGFVmo2yej3BjRo754RNRJOymiKNUquN4ooxk,20240131,松阪,3,F2,Ａ級チャレンジ予選,1,1,下岡　将也,1,2,1,5,2024/01/31 07:01&nbsp;更新
r7c8N-lTlOenJOhe9NDy6KuCBAGn6rYhwHsLbmPQUCkbUiiKG4_W1nR5JUzXFtxk,20240131,松阪,4,F2,Ａ級チャレンジ予選,1,1,伊藤　稔真,1,2,2,5,2024/01/31 07:01&nbsp;更新
r7c8N-lTlOenJOhe9NDy6GoV-rD5H-CK53hA6gyPI9PTDFNyWdZdK5Sit7gE7ga7,20240131,松阪,5,F2,Ａ級特予選,1,1,東　鉄也,1,2,3,7,2024/01/31 07:01&nbsp;更新
